1	1. e4 { [%eval 0.18] [%clk 1:29:29] } e5 { [%eval 0.22] [%clk 1:30:52] } 2. Nf3 { [%eval 0.18] [%clk 1:29:43] } Nc6 { [%eval 0.22] [%clk 1:31:14] } 3. Bb5 { [%eval 0.15] [%clk 1:29:58] } a6 { [%eval 0.21] [%clk 1:31:30] } 4. Ba4 { [%eval 0.11] [%clk 1:30:22] } Nf6 { [%eval 0.28] [%clk 1:31:23] } 5. O-O { [%eval 0.16] [%clk 1:30:29] } b5 { [%eval 0.24] [%clk 1:31:25] } 6. Bb3 { [%eval 0.29] [%clk 1:30:47] } Bc5 { [%eval 0.33] [%clk 1:31:41] } 7. c3 { [%eval 0.29] [%clk 1:30:43] } d6 { [%eval 0.29] [%clk 1:31:47] } 8. d4 { [%eval 0.38] [%clk 1:31:02] } Bb6 { [%eval 0.36] [%clk 1:31:55] } 9. a4 { [%eval 0.35] [%clk 1:31:09] } Rb8 { [%eval 0.58] [%clk 1:31:53] } 10. a5 { [%eval 0.37] [%clk 1:31:18] } Ba7 { [%eval 0.47] [%clk 1:32:06] } 11. h3 { [%eval 0.3] [%clk 1:31:04] } h6 { [%eval 0.57] [%clk 1:29:50] } 12. Be3 { [%eval 0.55] [%clk 1:26:43] } O-O { [%eval 0.98] [%clk 1:26:16] } 13. Re1 { [%eval 0.56] [%clk 1:24:09] } Re8 { [%eval 0.84] [%clk 1:22:29] } 14. dxe5 { [%eval 0.84] [%clk 1:19:53] } Bxe3 { [%eval 0.94] [%clk 1:22:20] } 15. exf6 { [%eval 0.94] [%clk 1:19:51] } Bf4 { [%eval 1.01] [%clk 1:21:00] } 16. Bd5 { [%eval 0.94] [%clk 1:02:33] } Bd7 { [%eval 1.16] [%clk 1:14:02] } 17. fxg7 { [%eval 1.15] [%clk 0:57:39] } Qf6 { [%eval 1.23] [%clk 1:13:14] } 18. Nbd2 { [%eval 1.0] [%clk 0:55:30] } Qxg7 { [%eval 1.04] [%clk 1:13:01] } 19. Kh1 { [%eval 0.74] [%clk 0:55:27] } b4 { [%eval 0.95] [%clk 1:09:26] } 20. Rc1 { [%eval 0.82] [%clk 0:30:40] } Ne7?! { [%eval 1.86] } { Inaccuracy. Nxa5 was best. } { [%clk 0:49:39] } 21. cxb4 { [%eval 1.77] [%clk 0:21:01] } c6 { [%eval 1.99] [%clk 0:49:24] } 22. Bc4 { [%eval 1.94] [%clk 0:16:53] } Rxb4 { [%eval 1.94] [%clk 0:48:49] } 23. b3 { [%eval 1.96] [%clk 0:16:56] } Ng6 { [%eval 2.12] [%clk 0:39:15] } 24. Bf1 { [%eval 1.75] [%clk 0:10:37] } Ne5 { [%eval 1.85] [%clk 0:33:43] } 25. Nxe5 { [%eval 1.65] [%clk 0:09:51] } Rxe5?! { [%eval 2.5] } { Inaccuracy. Qxe5 was best. } { [%clk 0:33:46] } 26. g3 { [%eval 2.44] [%clk 0:08:03] } Bxd2 { [%eval 2.71] [%clk 0:27:39] } 27. Qxd2 { [%eval 2.39] [%clk 0:08:27] } Rxb3 { [%eval 2.86] [%clk 0:24:04] } 28. Qxd6 { [%eval 2.59] [%clk 0:06:40] } Be6 { [%eval 2.37] [%clk 0:23:35] } 29. Rc5? { [%eval 0.89] } { Mistake. Rxc6 was best. } { [%clk 0:04:03] } Rxc5 { [%eval 0.86] [%clk 0:19:27] } 30. Qxc5 { [%eval 0.84] [%clk 0:04:31] } Rc3 { [%eval 0.77] [%clk 0:15:41] } 31. Qd6 { [%eval 0.7] [%clk 0:02:54] } Rc2 { [%eval 0.8] [%clk 0:15:10] } 32. Kg1?! { [%eval 0.11] } { Inaccuracy. Qf4 was best. } { [%clk 0:01:38] } Qf6? { [%eval 1.51] } { Mistake. Qc3 was best. } { [%clk 0:09:22] } 33. Qf4 { [%eval 1.48] [%clk 0:01:51] } Qd4?! { [%eval 2.38] } { Inaccuracy. Qxf4 was best. } { [%clk 0:07:26] } 34. Bxa6 { [%eval 2.16] [%clk 0:00:55] } Qc3? { [%eval 3.83] } { Mistake. Ra2 was best. } { [%clk 0:06:34] } 35. Qe3?? { [%eval 0.14] } { Blunder. Rd1 was best. } { [%clk 0:01:15] } Qxa5 { [%eval 0.07] [%clk 0:06:49] } 36. Bd3 { [%eval 0.07] [%clk 0:01:26] } Rc3 { [%eval 0.13] [%clk 0:06:51] } 37. Qd2 { [%eval 0.13] [%clk 0:00:40] } Qc5 { [%eval 0.51] [%clk 0:07:01] } 38. Re3 { [%eval 0.0] [%clk 0:00:42] } Bxh3 { [%eval 0.0] [%clk 0:06:56] } 39. Kh2 { [%eval 0.0] [%clk 0:00:38] } Bg4 { [%eval 0.0] [%clk 0:06:54] } 40. Kg2? { [%eval -1.12] } { Mistake. e5 was best. } { [%clk 0:00:52] } Rc1? { [%eval 0.0] } { Mistake. Qd4 was best. } { [%clk 0:06:33] } 41. Bf1?? { [%eval -5.43] } { Blunder. Be2 was best. } { [%clk 0:00:57] } Ra1?? { [%eval 0.07] } { Blunder. Rd1 was best. } { [%clk 0:05:09] } 42. Qd8+ { [%eval 0.0] [%clk 0:00:40] } Kh7 { [%eval 0.52] [%clk 0:05:17] } 43. e5 { [%eval 0.0] [%clk 0:00:59] } Bh3+?? { [%eval 6.29] } { Blunder. Qc1 was best. } { [%clk 0:03:56] } 44. Kxh3 { [%eval 6.12] [%clk 0:01:20] } Rxf1 { [%eval 6.99] [%clk 0:04:20] } 45. Qd3+ { [%eval 6.8] [%clk 0:01:46] }
2	1. e4 { [%eval 0.18] [%clk 1:30:58] } e5 { [%eval 0.22] [%clk 1:19:12] } 2. Nf3 { [%eval 0.18] [%clk 1:31:21] } Nc6 { [%eval 0.22] [%clk 1:19:10] } 3. d4 { [%eval 0.07] [%clk 1:31:35] } exd4 { [%eval 0.04] [%clk 1:19:37] } 4. c3 { [%eval -0.11] [%clk 1:31:56] } d5 { [%eval 0.0] [%clk 1:19:51] } 5. exd5 { [%eval 0.0] [%clk 1:32:19] } Qxd5 { [%eval 0.0] [%clk 1:20:16] } 6. cxd4 { [%eval 0.0] [%clk 1:32:41] } Bb4+ { [%eval 0.0] [%clk 1:20:01] } 7. Nc3 { [%eval 0.0] [%clk 1:33:04] } Bg4 { [%eval 0.0] [%clk 1:20:15] } 8. Be2 { [%eval -0.07] [%clk 1:33:27] } Bxf3 { [%eval -0.06] [%clk 1:20:22] } 9. Bxf3 { [%eval -0.03] [%clk 1:33:51] } Qc4 { [%eval 0.0] [%clk 1:20:48] } 10. Bxc6+ { [%eval -0.05] [%clk 1:34:12] } bxc6 { [%eval 0.08] [%clk 1:20:53] } 11. Qb3 { [%eval -0.12] [%clk 1:34:34] } Qxb3 { [%eval -0.17] [%clk 1:19:14] } 12. axb3 { [%eval -0.21] [%clk 1:34:57] } Ne7 { [%eval -0.1] [%clk 1:19:35] } 13. Be3 { [%eval -0.3] [%clk 1:35:05] } a5 { [%eval -0.26] [%clk 1:02:24] } 14. O-O-O { [%eval -0.38] [%clk 1:31:16] } O-O-O { [%eval -0.41] [%clk 1:00:51] } 15. Rhe1 { [%eval -0.45] [%clk 1:29:51] } Rhe8 { [%eval -0.21] [%clk 0:58:31] } 16. g4 { [%eval -0.61] [%clk 1:28:50] } Nd5 { [%eval -0.17] [%clk 0:55:57] } 17. Bd2 { [%eval -0.25] [%clk 1:28:28] } Nf6 { [%eval -0.23] [%clk 0:49:11] } 18. Rxe8 { [%eval -0.16] [%clk 1:24:13] } Rxe8 { [%eval -0.22] [%clk 0:47:26] } 19. h3 { [%eval -0.23] [%clk 1:24:11] } Re6 { [%eval -0.03] [%clk 0:40:13] } 20. Kc2 { [%eval -0.09] [%clk 1:18:30] } Nd5 { [%eval 0.0] [%clk 0:39:11] } 21. Kd3 { [%eval 0.0] [%clk 1:05:05] } Rf6 { [%eval 0.0] [%clk 0:35:24] } 22. Nxd5 { [%eval -0.38] [%clk 1:03:03] } cxd5 { [%eval -0.34] [%clk 0:35:32] } 23. Bxb4?! { [%eval -1.45] } { Inaccuracy. Be3 was best. } { [%clk 1:00:23] } axb4 { [%eval -1.43] [%clk 0:35:54] } 24. Ke3 { [%eval -1.48] [%clk 0:59:27] } Rh6 { [%eval -1.44] [%clk 0:35:44] } 25. Rh1 { [%eval -1.35] [%clk 0:59:36] } Kd7 { [%eval -1.28] [%clk 0:35:15] } 26. f3 { [%eval -1.65] [%clk 0:47:08] } g5 { [%eval -1.62] [%clk 0:23:06] } 27. Rh2 { [%eval -1.88] [%clk 0:45:38] } Kd6?! { [%eval -1.19] } { Inaccuracy. Rh4 was best. } { [%clk 0:22:33] } 28. Rh1 { [%eval -1.72] [%clk 0:39:59] } Re6+? { [%eval -0.53] } { Mistake. Rh4 was best. } { [%clk 0:19:00] } 29. Kd3?! { [%eval -1.45] } { Inaccuracy. Kf2 was best. } { [%clk 0:39:42] } Rf6?! { [%eval -0.44] } { Inaccuracy. Rh6 was best. } { [%clk 0:19:04] } 30. Ke3 { [%eval -0.5] [%clk 0:39:56] } Rh6 { [%eval -0.81] [%clk 0:18:43] } 31. Kd3? { [%eval -2.37] } { Mistake. Kf2 was best. } { [%clk 0:39:47] } c5?? { [%eval 0.0] } { Blunder. Rh4 was best. } { [%clk 0:17:15] } 32. Ra1 { [%eval 0.0] [%clk 0:36:15] } Rxh3 { [%eval 0.0] [%clk 0:16:01] } 33. Ra6+ { [%eval 0.0] [%clk 0:36:32] } Kd7 { [%eval 0.0] [%clk 0:15:36] } 34. dxc5 { [%eval 0.0] [%clk 0:36:53] } Rxf3+ { [%eval 0.0] [%clk 0:14:05] } 35. Kd4 { [%eval 0.0] [%clk 0:37:16] } Rxb3 { [%eval 0.0] [%clk 0:07:41] } 36. Kxd5 { [%eval 0.0] [%clk 0:35:32] } Rxb2 { [%eval 0.0] [%clk 0:06:57] } 37. c6+ { [%eval 0.0] [%clk 0:33:36] } Kc7 { [%eval 0.0] [%clk 0:06:16] } 38. Ra7+ { [%eval 0.0] [%clk 0:33:58] } Kb6?? { [%eval 4.79] } { Blunder. Kd8 was best. } { [%clk 0:04:21] } 39. Rb7+ { [%eval 4.9] [%clk 0:33:40] } Ka6 { [%eval 4.47] [%clk 0:04:33] } 40. Rb8 { [%eval 4.22] [%clk 0:32:57] } Rd2+ { [%eval 4.71] [%clk 0:04:28] } 41. Ke5 { [%eval 4.82] [%clk 0:32:22] } Rc2 { [%eval 5.05] [%clk 0:04:33] } 42. Kd6 { [%eval 4.61] [%clk 0:32:18] } Rd2+ { [%eval 4.57] [%clk 0:04:56] } 43. Ke7 { [%eval 4.86] [%clk 0:27:10] } Rc2 { [%eval 4.74] [%clk 0:03:32] } 44. Kd7 { [%eval 4.21] [%clk 0:26:45] } Rd2+ { [%eval 3.36] [%clk 0:03:54] } 45. Kc7?? { [%eval 0.0] } { Blunder. Kc8 was best. } { [%clk 0:22:39] } Ka5 { [%eval 0.0] [%clk 0:00:59] } 46. Rb6 { [%eval 0.0] [%clk 0:18:57] } Ka4 { [%eval 0.0] [%clk 0:00:34] } 47. Kb7 { [%eval 0.0] [%clk 0:18:57] } b3 { [%eval 0.0] [%clk 0:00:32] } 48. c7 { [%eval 0.0] [%clk 0:17:03] } Rc2 { [%eval 0.0] [%clk 0:00:48] } 49. c8=Q { [%eval 0.0] [%clk 0:17:01] } Rxc8 { [%eval 0.0] [%clk 0:01:13] } 50. Kxc8 { [%eval 0.0] [%clk 0:17:28] } Ka3 { [%eval 0.0] [%clk 0:01:41] } 51. Kd7 { [%eval 0.0] [%clk 0:17:21] } b2 { [%eval 0.0] [%clk 0:02:07] } 52. Ke7 { [%eval 0.0] [%clk 0:17:36] } Ka2 { [%eval 0.0] [%clk 0:02:09] } 53. Kf6 { [%eval 0.0] [%clk 0:16:10] } b1=Q { [%eval 0.0] [%clk 0:01:35] } 54. Rxb1 { [%eval 0.0] [%clk 0:15:43] } Kxb1 { [%eval 0.0] [%clk 0:02:04] } 55. Kxg5 { [%eval 0.0] [%clk 0:13:46] } Kc2 { [%eval 0.0] [%clk 0:02:27] } 56. Kf6 { [%eval 0.0] [%clk 0:12:53] } Kd3 { [%eval 0.0] [%clk 0:02:54] } 57. g5 { [%eval 0.0] [%clk 0:12:56] } Ke4 { [%eval 0.0] [%clk 0:03:20] } 58. Kxf7 { [%eval 0.0] [%clk 0:13:20] } Kf5 { [%eval 0.0] [%clk 0:03:49] } 59. Kg7 { [%eval 0.0] [%clk 0:13:38] } Kxg5 { [%eval 0.0] [%clk 0:04:17] } 60. Kxh7 { [%eval 0.0] [%clk 0:14:02] }
3	1. d4 { [%eval 0.15] [%clk 1:30:55] } d5 { [%eval 0.27] [%clk 1:25:44] } 2. Nc3 { [%eval -0.07] [%clk 1:31:03] } Nf6 { [%eval 0.0] [%clk 1:24:23] } 3. Bf4 { [%eval -0.1] [%clk 1:31:22] } c5 { [%eval 0.0] [%clk 1:23:18] } 4. e4 { [%eval 0.0] [%clk 1:31:41] } Nxe4 { [%eval 0.0] [%clk 1:22:09] } 5. Nxe4 { [%eval 0.0] [%clk 1:32:05] } dxe4 { [%eval 0.0] [%clk 1:22:20] } 6. dxc5 { [%eval 0.0] [%clk 1:32:27] } Nd7 { [%eval 0.0] [%clk 1:20:49] } 7. b4 { [%eval 0.0] [%clk 1:23:37] } e5 { [%eval 0.0] [%clk 1:19:35] } 8. Be3 { [%eval -0.17] [%clk 1:23:49] } Be7 { [%eval -0.34] [%clk 1:19:00] } 9. Bb5 { [%eval -0.36] [%clk 1:16:23] } Qc7?! { [%eval 0.26] } { Inaccuracy. O-O was best. } { [%clk 1:11:53] } 10. Ne2 { [%eval 0.32] [%clk 1:03:48] } O-O { [%eval 0.43] [%clk 1:05:07] } 11. O-O { [%eval -0.06] [%clk 1:04:04] } a5?! { [%eval 0.71] } { Inaccuracy. Rd8 was best. } { [%clk 1:01:30] } 12. c3?? { [%eval -1.07] } { Blunder. a3 was best. } { [%clk 1:01:35] } Kh8 { [%eval -1.07] [%clk 1:00:03] } 13. f4 { [%eval -1.28] [%clk 0:56:33] } exf3 { [%eval -1.26] [%clk 0:57:39] } 14. Rxf3 { [%eval -1.14] [%clk 0:56:58] } f5 { [%eval -1.29] [%clk 0:53:46] } 15. Kh1?! { [%eval -2.01] } { Inaccuracy. Nf4 was best. } { [%clk 0:53:03] } f4 { [%eval -1.78] [%clk 0:41:35] } 16. Bd2 { [%eval -2.23] [%clk 0:47:49] } g5 { [%eval -1.95] [%clk 0:29:50] } 17. Rf1 { [%eval -2.01] [%clk 0:38:14] } Nf6 { [%eval -1.69] [%clk 0:28:38] } 18. Ng1?! { [%eval -2.53] } { Inaccuracy. Qc2 was best. } { [%clk 0:37:45] } e4 { [%eval -2.31] [%clk 0:23:09] } 19. a3 { [%eval -2.26] [%clk 0:30:10] } Bg4 { [%eval -1.92] [%clk 0:17:08] } 20. Be2 { [%eval -1.97] [%clk 0:30:30] } Be6 { [%eval -1.59] [%clk 0:16:18] } 21. c4 { [%eval -1.58] [%clk 0:30:51] } Rad8 { [%eval -1.7] [%clk 0:14:35] } 22. Qc2 { [%eval -1.7] [%clk 0:26:39] } Kg8 { [%eval -1.64] [%clk 0:06:12] } 23. Bc3 { [%eval -1.55] [%clk 0:23:46] } Qc6?! { [%eval -0.7] } { Inaccuracy. Bf5 was best. } { [%clk 0:04:58] } 24. Rad1?! { [%eval -1.7] } { Inaccuracy. Nf3 was best. } { [%clk 0:23:21] } Bf5 { [%eval -1.64] [%clk 0:04:36] } 25. Bxf6 { [%eval -1.7] [%clk 0:22:53] } Qxf6 { [%eval -1.77] [%clk 0:02:57] } 26. Rxd8?! { [%eval -2.47] } { Inaccuracy. Rd5 was best. } { [%clk 0:21:26] } Bxd8 { [%eval -2.36] [%clk 0:02:44] } 27. Qd2 { [%eval -2.59] [%clk 0:20:44] } Rf7?! { [%eval -1.85] } { Inaccuracy. Kg7 was best. } { [%clk 0:01:56] } 28. Qd6?! { [%eval -3.07] } { Inaccuracy. Bh5 was best. } { [%clk 0:13:59] } Rd7?! { [%eval -2.28] } { Inaccuracy. Kg7 was best. } { [%clk 0:01:32] } 29. Qxf6 { [%eval -2.86] [%clk 0:13:51] } Bxf6 { [%eval -2.83] [%clk 0:02:00] } 30. b5 { [%eval -3.19] [%clk 0:11:51] } Bd4 { [%eval -3.02] [%clk 0:00:48] } 31. h4 { [%eval -3.0] [%clk 0:05:13] } h6 { [%eval -2.92] [%clk 0:00:57] } 32. hxg5?! { [%eval -3.87] } { Inaccuracy. c6 was best. } { [%clk 0:05:39] } hxg5 { [%eval -3.81] [%clk 0:01:18] } 33. g4 { [%eval -3.78] [%clk 0:06:00] } Be6 { [%eval -3.77] [%clk 0:00:57] } 34. Nh3?! { [%eval -5.34] } { Inaccuracy. c6 was best. } { [%clk 0:05:02] } Rh7 { [%eval -5.08] [%clk 0:00:41] } 35. Kg2 { [%eval -4.94] [%clk 0:05:28] } f3+ { [%eval -5.01] [%clk 0:00:42] } 36. Bxf3 { [%eval -5.92] [%clk 0:05:53] } exf3+ { [%eval -5.83] [%clk 0:01:06] } 37. Rxf3 { [%eval -6.35] [%clk 0:06:18] } Bxg4 { [%eval -6.21] [%clk 0:00:59] }
4	1. Nf3 { [%eval 0.1] [%clk 1:29:30] } Nf6 { [%eval 0.18] [%clk 1:30:02] } 2. d4 { [%eval 0.11] [%clk 1:29:50] } d5 { [%eval 0.11] [%clk 1:30:18] } 3. g3 { [%eval 0.06] [%clk 1:30:11] } e6 { [%eval 0.21] [%clk 1:30:18] } 4. Bg2 { [%eval 0.19] [%clk 1:30:31] } Be7 { [%eval 0.3] [%clk 1:29:35] } 5. O-O { [%eval 0.17] [%clk 1:30:48] } O-O { [%eval 0.23] [%clk 1:29:11] } 6. e3 { [%eval -0.2] [%clk 1:31:04] } Nbd7 { [%eval 0.19] [%clk 1:28:56] } 7. b3?! { [%eval -0.38] } { Inaccuracy. c4 was best. } { [%clk 1:31:03] } Rb8?! { [%eval 0.26] } { Inaccuracy. b5 was best. } { [%clk 1:27:59] } 8. c4 { [%eval 0.24] [%clk 1:31:23] } dxc4 { [%eval 0.25] [%clk 1:27:39] } 9. bxc4 { [%eval 0.21] [%clk 1:31:39] } c5 { [%eval 0.4] [%clk 1:26:46] } 10. Nc3 { [%eval 0.47] [%clk 1:30:49] } Qa5 { [%eval 1.0] [%clk 1:24:49] } 11. Bd2 { [%eval 0.89] [%clk 1:29:07] } Qc7?! { [%eval 1.84] } { Inaccuracy. Qa6 was best. } { [%clk 1:23:48] } 12. Nb5 { [%eval 1.62] [%clk 1:29:12] } Qb6 { [%eval 1.88] [%clk 1:23:35] } 13. Qe1 { [%eval 1.7] [%clk 1:29:28] } Bd8 { [%eval 2.32] [%clk 1:23:03] } 14. a4 { [%eval 2.37] [%clk 1:29:32] } a5 { [%eval 2.4] [%clk 1:21:09] } 15. Ne5 { [%eval 2.28] [%clk 1:27:24] } Nxe5 { [%eval 2.55] [%clk 1:20:06] } 16. dxe5 { [%eval 2.59] [%clk 1:27:44] } Ne8 { [%eval 3.03] [%clk 1:19:26] } 17. Rb1 { [%eval 2.47] [%clk 1:27:49] } Qa6 { [%eval 2.55] [%clk 1:19:18] } 18. f4 { [%eval 2.41] [%clk 1:26:07] } b6 { [%eval 2.52] [%clk 1:18:38] } 19. Bc3 { [%eval 2.38] [%clk 1:22:30] } Bb7 { [%eval 2.21] [%clk 1:18:30] } 20. e4 { [%eval 2.16] [%clk 1:22:48] } f5?! { [%eval 2.83] } { Inaccuracy. Nc7 was best. } { [%clk 1:16:31] } 21. exf5 { [%eval 2.35] [%clk 1:22:14] } Bxg2 { [%eval 2.4] [%clk 1:16:08] } 22. Kxg2 { [%eval 2.32] [%clk 1:22:36] } Qb7+ { [%eval 2.25] [%clk 1:15:58] } 23. Kg1 { [%eval 2.32] [%clk 1:22:54] } Rxf5 { [%eval 2.38] [%clk 1:15:34] } 24. Qe3 { [%eval 2.06] [%clk 1:22:12] } g5? { [%eval 3.97] } { Mistake. Rf8 was best. } { [%clk 1:13:48] } 25. Nd6 { [%eval 3.83] [%clk 1:19:54] } Nxd6 { [%eval 3.82] [%clk 1:13:14] } 26. exd6 { [%eval 3.75] [%clk 1:20:15] } Qd7?! { [%eval 4.8] } { Inaccuracy. Qf7 was best. } { [%clk 1:13:08] } 27. Rbd1?! { [%eval 3.31] } { Inaccuracy. g4 was best. } { [%clk 1:20:30] } gxf4?! { [%eval 5.03] } { Inaccuracy. g4 was best. } { [%clk 1:13:04] } 28. Rxf4 { [%eval 4.19] [%clk 1:20:48] } Rxf4? { [%eval 8.58] } { Mistake. e5 was best. } { [%clk 1:10:28] } 29. Qxf4 { [%eval 7.95] [%clk 1:21:08] } h5? { [%eval #12] } { Checkmate is now unavoidable. Qf7 was best. } { [%clk 0:21:13] } 30. Rf1 { [%eval #11] [%clk 1:20:50] } Rb7 { [%eval #11] [%clk 0:17:14] } 31. Qf8+ { [%eval #10] [%clk 1:20:33] } Kh7 { [%eval #10] [%clk 0:17:35] } 32. Qh8+ { [%eval #9] [%clk 1:20:53] } Kg6 { [%eval #9] [%clk 0:17:47] } 33. Qg8+ { [%eval #8] [%clk 1:21:14] }
5	1. Nf3 { [%eval 0.1] [%clk 1:30:57] } d5 { [%eval 0.18] [%clk 1:30:48] } 2. c4 { [%eval 0.0] [%clk 1:31:21] } e6 { [%eval 0.25] [%clk 1:31:05] } 3. g3 { [%eval 0.0] [%clk 1:31:46] } Nf6 { [%eval 0.17] [%clk 1:31:20] } 4. Bg2 { [%eval 0.12] [%clk 1:32:10] } Be7 { [%eval 0.14] [%clk 1:31:28] } 5. O-O { [%eval 0.1] [%clk 1:32:23] } O-O { [%eval 0.19] [%clk 1:31:45] } 6. b3 { [%eval 0.0] [%clk 1:31:44] } c5 { [%eval 0.15] [%clk 1:30:57] } 7. Bb2 { [%eval -0.09] [%clk 1:31:15] } Nc6 { [%eval 0.15] [%clk 1:30:54] } 8. e3 { [%eval -0.24] [%clk 1:30:04] } d4 { [%eval -0.23] [%clk 1:29:53] } 9. d3 { [%eval -0.71] [%clk 1:28:40] } e5 { [%eval -0.67] [%clk 1:28:14] } 10. e4?! { [%eval -1.25] } { Inaccuracy. Na3 was best. } { [%clk 1:24:37] } Ne8 { [%eval -1.24] [%clk 1:27:57] } 11. Ne1 { [%eval -1.35] [%clk 1:23:53] } f5?! { [%eval -0.55] } { Inaccuracy. Kh8 was best. } { [%clk 1:18:02] } 12. Nd2? { [%eval -1.97] } { Mistake. exf5 was best. } { [%clk 1:21:37] } f4 { [%eval -2.01] [%clk 1:18:05] } 13. a3 { [%eval -2.03] [%clk 1:18:37] } Nc7 { [%eval -1.61] [%clk 1:15:04] } 14. b4?! { [%eval -2.45] } { Inaccuracy. Kh1 was best. } { [%clk 1:17:11] } cxb4 { [%eval -2.48] [%clk 1:14:56] } 15. axb4 { [%eval -2.52] [%clk 1:17:35] } Bxb4 { [%eval -2.46] [%clk 1:14:56] } 16. Ba3 { [%eval -2.65] [%clk 1:17:51] } Na6 { [%eval -2.43] [%clk 1:10:54] } 17. Bxb4 { [%eval -2.48] [%clk 1:15:36] } Naxb4 { [%eval -2.48] [%clk 1:11:12] } 18. Qh5 { [%eval -2.77] [%clk 1:15:19] } Rf6 { [%eval -2.72] [%clk 1:09:05] } 19. Ndf3?! { [%eval -3.48] } { Inaccuracy. Qd1 was best. } { [%clk 1:14:55] } Qe7?! { [%eval -2.67] } { Inaccuracy. Rh6 was best. } { [%clk 1:07:53] } 20. Qg5?! { [%eval -3.7] } { Inaccuracy. Nh4 was best. } { [%clk 1:12:21] } Qe8 { [%eval -3.68] [%clk 1:07:34] } 21. Nd2?! { [%eval -4.76] } { Inaccuracy. gxf4 was best. } { [%clk 1:07:44] } h6 { [%eval -4.8] [%clk 1:07:24] }
6	1. e4 { [%eval 0.18] [%clk 1:30:08] } c5 { [%eval 0.32] [%clk 1:30:23] } 2. b3 { [%eval -0.12] [%clk 1:30:30] } Nc6 { [%eval -0.09] [%clk 1:30:48] } 3. Nc3 { [%eval -0.39] [%clk 1:30:49] } g6 { [%eval -0.29] [%clk 1:31:02] } 4. Bb2 { [%eval -0.32] [%clk 1:31:04] } Bg7 { [%eval -0.3] [%clk 1:31:27] } 5. f4 { [%eval -0.31] [%clk 1:31:25] } e6?! { [%eval 0.28] } { Inaccuracy. a6 was best. } { [%clk 1:31:24] } 6. Nf3 { [%eval -0.01] [%clk 1:30:58] } Nge7 { [%eval 0.39] [%clk 1:31:31] } 7. e5 { [%eval 0.24] [%clk 1:29:26] } a6?! { [%eval 1.13] } { Inaccuracy. d5 was best. } { [%clk 1:30:38] } 8. Ne4 { [%eval 1.05] [%clk 1:29:39] } O-O { [%eval 1.41] [%clk 1:29:50] } 9. Nxc5?! { [%eval 0.74] } { Inaccuracy. h4 was best. } { [%clk 1:29:22] } Qb6? { [%eval 2.06] } { Mistake. Nd5 was best. } { [%clk 1:28:30] } 10. d4 { [%eval 1.48] [%clk 1:27:05] } Nd5?! { [%eval 2.52] } { Inaccuracy. d6 was best. } { [%clk 1:27:20] } 11. Qd2 { [%eval 2.44] [%clk 1:27:04] } f6 { [%eval 2.31] [%clk 1:27:28] } 12. Na4?! { [%eval 1.63] } { Inaccuracy. Ne4 was best. } { [%clk 1:22:57] } Qc7 { [%eval 1.57] [%clk 1:25:20] } 13. Ba3? { [%eval 0.02] } { Mistake. c4 was best. } { [%clk 1:22:23] } Rf7?? { [%eval 2.81] } { Blunder. fxe5 was best. } { [%clk 1:24:34] } 14. Bd6 { [%eval 2.65] [%clk 1:22:22] } Qd8 { [%eval 2.57] [%clk 1:24:07] } 15. c4 { [%eval 2.54] [%clk 1:22:26] } Nc7?! { [%eval 3.83] } { Inaccuracy. Nxf4 was best. } { [%clk 1:19:28] } 16. Nb6 { [%eval 3.84] [%clk 1:21:18] } Ra7 { [%eval 4.54] [%clk 1:19:10] } 17. d5 { [%eval 4.7] [%clk 1:18:31] } exd5 { [%eval 5.0] [%clk 1:16:40] } 18. cxd5 { [%eval 4.8] [%clk 1:18:29] } Ne7?! { [%eval 6.58] } { Inaccuracy. Ne8 was best. } { [%clk 1:16:59] } 19. Bxe7 { [%eval 6.6] [%clk 1:14:57] } Rxe7 { [%eval 6.35] [%clk 1:15:33] } 20. d6 { [%eval 6.32] [%clk 1:15:02] } Re8 { [%eval 6.59] [%clk 1:15:24] } 21. Rc1 { [%eval 6.47] [%clk 1:12:37] } fxe5 { [%eval 7.26] [%clk 1:15:20] } 22. Rxc7 { [%eval 7.14] [%clk 1:12:31] } exf4+ { [%eval 7.29] [%clk 1:15:28] } 23. Kf2 { [%eval 7.25] [%clk 1:12:41] } Bf8 { [%eval 8.18] [%clk 1:13:58] } 24. Bc4+ { [%eval 8.16] [%clk 1:12:21] } Kh8 { [%eval 8.96] [%clk 1:14:05] } 25. Re1 { [%eval 8.7] [%clk 1:07:27] } Rxe1 { [%eval 9.25] [%clk 1:14:04] } 26. Qxe1 { [%eval 9.16] [%clk 1:07:26] } Qf6 { [%eval 9.0] [%clk 1:12:33] } 27. Qe5 { [%eval 9.21] [%clk 1:07:11] } Qxe5 { [%eval 9.11] [%clk 1:11:54] } 28. Nxe5 { [%eval 9.1] [%clk 1:07:30] } Bxd6 { [%eval 10.35] [%clk 1:12:16] } 29. Nf7+ { [%eval 10.14] [%clk 1:07:43] } Kg7 { [%eval 9.95] [%clk 1:12:36] } 30. Nxd6 { [%eval 9.55] [%clk 1:08:04] }
7	
8	1. d4 { [%clk 0:00:00] } Nf6 { [%clk 1:30:50] } 2. c4 { [%clk 1:31:26] } e6 { [%clk 1:31:16] } 3. Nf3 { [%clk 1:31:53] } d5 { [%clk 1:31:39] } 4. e3 { [%clk 1:32:16] } Be7 { [%clk 1:31:56] } 5. Nc3 { [%clk 1:32:37] } O-O { [%clk 1:31:23] } 6. b3 { [%clk 1:33:00] } c5 { [%clk 1:30:47] } 7. Bb2 { [%clk 1:33:09] } Nc6 { [%clk 1:29:35] } 8. dxc5 { [%clk 1:27:05] } dxc4 { [%clk 1:28:27] } 9. Bxc4 { [%clk 1:27:02] } Bxc5 { [%clk 1:28:07] } 10. O-O { [%clk 1:25:06] } a6 { [%clk 1:23:02] } 11. Qxd8 { [%clk 1:21:34] } Rxd8 { [%clk 1:23:24] } 12. Rac1 { [%clk 1:20:35] } Ba7 { [%clk 1:15:14] } 13. Rfd1 { [%clk 1:16:54] } Rxd1+ { [%clk 1:08:41] } 14. Rxd1 { [%clk 1:16:39] } b5 { [%clk 1:08:20] } 15. Bd3 { [%clk 1:13:55] } Bb7 { [%clk 0:54:20] } 16. Ne4 { [%clk 1:12:36] } Nxe4 { [%clk 0:33:02] } 17. Bxe4 { [%clk 1:12:59] } Rd8 { [%clk 0:32:19] } 18. Rxd8+ { [%clk 1:04:48] } Nxd8 { [%clk 0:32:47] } 19. Bxb7 { [%clk 1:03:53] } Nxb7 { [%clk 0:33:16] } 20. Kf1 { [%clk 1:01:33] } f6 { [%clk 0:32:06] } 21. Ke2 { [%clk 1:00:27] } Kf7 { [%clk 0:32:14] } 22. g4 { [%clk 0:56:55] } e5 { [%clk 0:30:41] } 23. h4 { [%clk 0:52:46] } Nd6 { [%clk 0:27:44] } 24. h5 { [%clk 0:46:57] } g6 { [%clk 0:23:32] } 25. hxg6+ { [%clk 0:46:14] } hxg6 { [%clk 0:23:12] } 26. Nd2 { [%clk 0:46:00] } Ke6 { [%clk 0:23:08] } 27. f3 { [%clk 0:45:27] } Kd5 { [%clk 0:21:57] } 28. Kd3 { [%clk 0:43:34] } Bc5 { [%clk 0:21:43] } 29. Bc3 { [%clk 0:39:26] } Bb6 { [%clk 0:21:46] } 30. Bb4 { [%clk 0:39:20] } Bc5 { [%clk 0:20:48] } 31. Bxc5 { [%clk 0:36:53] } Kxc5 { [%clk 0:21:16] } 32. Ne4+ { [%clk 0:36:01] } Nxe4 { [%clk 0:21:40] } 33. Kxe4 { [%clk 0:36:29] } Kd6 { [%clk 0:20:47] } 34. b4 { [%clk 0:36:52] } Ke6 { [%clk 0:21:13] } 35. Kd3 { [%clk 0:37:02] } Kd5 { [%clk 0:21:32] } 36. e4+ { [%clk 0:37:28] }
9	1. d4 { [%clk 1:28:09] } Nf6 { [%clk 1:30:55] } 2. Nf3 { [%clk 1:28:32] } g6 { [%clk 1:31:21] } 3. g3 { [%clk 1:28:48] } Bg7 { [%clk 1:31:46] } 4. Bg2 { [%clk 1:29:13] } O-O { [%clk 1:32:10] } 5. O-O { [%clk 1:29:37] } d6 { [%clk 1:32:37] } 6. c4 { [%clk 1:28:55] } c6 { [%clk 1:32:53] } 7. Nc3 { [%clk 1:29:15] } Bf5 { [%clk 1:33:19] } 8. Nh4 { [%clk 1:26:10] } Be6 { [%clk 1:32:40] } 9. d5 { [%clk 1:26:28] } cxd5 { [%clk 1:30:33] } 10. cxd5 { [%clk 1:26:36] } Bd7 { [%clk 1:30:35] } 11. e4 { [%clk 1:23:55] } Na6 { [%clk 1:28:12] } 12. Be3 { [%clk 1:20:04] } b5 { [%clk 1:27:10] } 13. Bd4 { [%clk 1:07:42] } b4 { [%clk 1:25:20] } 14. Ne2 { [%clk 1:07:56] } Bb5?! { Inaccuracy. Nc7 was best. } { [%clk 1:22:48] } 15. h3? { Mistake. Re1 was best. } { [%clk 1:02:36] } Nc5 { [%clk 1:12:31] } 16. Bxc5 { [%clk 0:55:22] } dxc5 { [%clk 1:12:58] } 17. e5 { [%clk 0:54:09] } Nh5? { Mistake. Nd7 was best. } { [%clk 1:02:31] } 18. Nf3 { [%clk 0:50:00] } Rc8 { [%clk 0:44:49] } 19. e6?? { Blunder. a3 was best. } { [%clk 0:38:55] } Bxb2 { [%clk 0:37:45] } 20. exf7+ { [%clk 0:38:43] } Rxf7 { [%clk 0:36:28] } 21. Rb1 { [%clk 0:29:04] } Bf6 { [%clk 0:36:35] } 22. h4 { [%clk 0:28:31] } Qd6 { [%clk 0:28:47] } 23. Nd2?! { Inaccuracy. a3 was best. } { [%clk 0:25:00] } Bd3?! { Inaccuracy. Bxe2 was best. } { [%clk 0:27:01] } 24. Bh3 { [%clk 0:24:14] } Bxb1?! { Inaccuracy. Rff8 was best. } { [%clk 0:21:01] } 25. Bxc8? { Mistake. Qxb1 was best. } { [%clk 0:22:50] } Bxa2 { [%clk 0:21:02] } 26. Be6 { [%clk 0:20:57] } Bxd5 { [%clk 0:21:27] } 27. Bxf7+ { [%clk 0:21:16] } Kxf7 { [%clk 0:21:51] } 28. f4?! { Inaccuracy. Qc2 was best. } { [%clk 0:19:25] } Qe6 { [%clk 0:20:04] } 29. Kh2 { [%clk 0:17:59] } Qg4 { [%clk 0:19:40] } 30. Nf3 { [%clk 0:15:55] } Bxf3 { [%clk 0:16:18] } 31. Qb3+ { [%clk 0:16:18] } c4 { [%clk 0:16:13] } 32. Qxf3 { [%clk 0:16:42] } Qxf3 { [%clk 0:16:40] } 33. Rxf3 { [%clk 0:17:07] } Ng7 { [%clk 0:16:16] } 34. g4 { [%clk 0:17:25] } h5 { [%clk 0:15:55] } 35. gxh5 { [%clk 0:15:36] } gxh5 { [%clk 0:16:15] } 36. Re3 { [%clk 0:15:15] } b3 { [%clk 0:16:25] }
10	1. d4 { [%clk 1:30:57] } Nf6 { [%clk 1:30:52] } 2. Bg5 { [%clk 1:31:23] } c5 { [%clk 1:30:59] } 3. d5 { [%clk 1:31:23] } d6 { [%clk 1:31:00] } 4. Nc3 { [%clk 1:28:26] } g6 { [%clk 1:28:56] } 5. e4 { [%clk 1:26:30] } a6 { [%clk 1:26:16] } 6. a4 { [%clk 1:24:18] } Bg7 { [%clk 1:26:00] } 7. Be2 { [%clk 1:22:38] } e6 { [%clk 1:18:12] } 8. Nf3 { [%clk 1:20:03] } exd5 { [%clk 1:15:48] } 9. Nxd5 { [%clk 1:17:31] } O-O { [%clk 1:10:56] } 10. O-O { [%clk 1:15:09] } Re8 { [%clk 1:08:12] } 11. Nd2 { [%clk 1:11:48] } Be6 { [%clk 1:07:02] } 12. Nxf6+?! { Inaccuracy. Nf4 was best. } { [%clk 1:08:47] } Bxf6 { [%clk 1:07:25] } 13. Bxf6 { [%clk 1:09:16] } Qxf6 { [%clk 1:07:44] } 14. c3 { [%clk 1:06:46] } Nc6 { [%clk 0:49:19] } 15. f4 { [%clk 1:06:27] } Rad8 { [%clk 0:49:15] } 16. Bd3?! { Inaccuracy. Qe1 was best. } { [%clk 1:05:23] } d5 { [%clk 0:40:19] } 17. e5 { [%clk 1:01:13] } Qe7 { [%clk 0:40:30] } 18. Nf3 { [%clk 0:50:25] } Bg4 { [%clk 0:34:13] } 19. h3 { [%clk 0:50:35] } Bxf3 { [%clk 0:34:38] } 20. Qxf3 { [%clk 0:50:46] } f6?! { Inaccuracy. c4 was best. } { [%clk 0:32:32] } 21. exf6 { [%clk 0:50:39] } Qe3+ { [%clk 0:27:21] } 22. Qxe3 { [%clk 0:51:04] } Rxe3 { [%clk 0:27:38] } 23. Rad1 { [%clk 0:51:33] } Kf7 { [%clk 0:24:24] } 24. Rfe1 { [%clk 0:50:36] } Rde8 { [%clk 0:21:03] } 25. Rxe3 { [%clk 0:51:05] } Rxe3 { [%clk 0:21:23] } 26. Kf2 { [%clk 0:51:33] } Re8 { [%clk 0:18:28] } 27. Be2 { [%clk 0:49:22] } d4 { [%clk 0:18:24] } 28. Bf3 { [%clk 0:48:37] } Rd8 { [%clk 0:18:20] } 29. cxd4 { [%clk 0:48:44] } cxd4 { [%clk 0:16:38] } 30. Ke2 { [%clk 0:45:48] } Kxf6 { [%clk 0:13:39] } 31. Kd3 { [%clk 0:46:13] } g5?? { Blunder. Nb4+ was best. } { [%clk 0:11:26] } 32. fxg5+ { [%clk 0:40:38] } Kxg5 { [%clk 0:11:45] } 33. Bxc6 { [%clk 0:36:06] } bxc6 { [%clk 0:12:14] } 34. Kc4?? { Blunder. b4 was best. } { [%clk 0:36:35] } a5?? { Blunder. Kf4 was best. } { [%clk 0:08:31] } 35. Rxd4 { [%clk 0:36:13] } Rb8 { [%clk 0:09:00] } 36. b3 { [%clk 0:34:36] } h5 { [%clk 0:06:30] } 37. Rd6 { [%clk 0:32:17] } Rb4+ { [%clk 0:05:21] } 38. Kc3 { [%clk 0:32:44] } Rb6 { [%clk 0:05:45] } 39. Rd7 { [%clk 0:32:05] } Ra6 { [%clk 0:01:51] } 40. Kc4 { [%clk 0:32:20] } Kf4 { [%clk 0:01:49] } 41. Rh7 { [%clk 0:31:00] } Kg3 { [%clk 0:01:50] } 42. Rxh5 { [%clk 0:31:09] } Kxg2 { [%clk 0:02:19] } 43. Kc5 { [%clk 0:31:30] } Kg3 { [%clk 0:01:43] } 44. Rh8 { [%clk 0:30:40] }
11	1. Nf3 { [%clk 1:30:56] } Nf6 { [%clk 1:30:56] } 2. c4 { [%clk 1:31:23] } e6 { [%clk 1:31:23] } 3. g3 { [%clk 1:31:47] } d5 { [%clk 1:31:50] } 4. d4 { [%clk 1:32:14] } Nc6 { [%clk 1:32:17] } 5. Bg2 { [%clk 1:32:35] } Bd6 { [%clk 1:32:45] } 6. b3 { [%clk 1:32:31] } O-O { [%clk 1:33:10] } 7. O-O { [%clk 1:32:58] } dxc4 { [%clk 1:33:37] } 8. bxc4 { [%clk 1:33:21] } e5 { [%clk 1:34:04] } 9. Bb2 { [%clk 1:29:42] } exd4 { [%clk 1:21:02] } 10. Nxd4 { [%clk 1:30:04] } Be5 { [%clk 1:15:50] } 11. e3 { [%clk 1:26:13] } Be6 { [%clk 1:05:43] } 12. Bxc6 { [%clk 1:15:07] } bxc6 { [%clk 0:59:49] } 13. Qc2 { [%clk 1:11:54] } Bxd4 { [%clk 0:58:03] } 14. Bxd4 { [%clk 1:11:57] } Nd7 { [%clk 0:57:48] } 15. c5 { [%clk 1:09:46] } Qe7 { [%clk 0:56:26] } 16. Nd2 { [%clk 1:08:57] } Rfe8 { [%clk 0:50:58] } 17. Rfe1 { [%clk 1:05:46] } f5 { [%clk 0:45:23] } 18. f3 { [%clk 1:02:52] } Qf7 { [%clk 0:44:53] } 19. a3 { [%clk 0:58:03] } Nf6 { [%clk 0:39:21] } 20. Rab1 { [%clk 0:53:19] } Nh5 { [%clk 0:34:25] } 21. Qc3 { [%clk 0:47:02] } Qg6 { [%clk 0:34:15] } 22. Kf2 { [%clk 0:47:14] } Red8 { [%clk 0:28:16] } 23. Nc4 { [%clk 0:44:10] } Bxc4 { [%clk 0:28:22] } 24. Qxc4+ { [%clk 0:44:34] } Kh8 { [%clk 0:28:50] } 25. Rb7 { [%clk 0:42:58] } Rd7 { [%clk 0:28:47] } 26. Reb1 { [%clk 0:42:11] } Rad8 { [%clk 0:29:00] } 27. Rb8 { [%clk 0:37:28] } Nf6 { [%clk 0:26:22] } 28. R1b7 { [%clk 0:33:50] } Nd5 { [%clk 0:26:34] } 29. Qb3 { [%clk 0:33:38] } Qe8 { [%clk 0:25:58] } 30. Qb2 { [%clk 0:29:29] } Qf8 { [%clk 0:25:56] } 31. Rxd8 { [%clk 0:28:20] } Rxd8 { [%clk 0:26:17] } 32. Rxa7 { [%clk 0:28:44] } h6 { [%clk 0:24:50] } 33. a4 { [%clk 0:22:48] } Kh7 { [%clk 0:23:03] } 34. a5 { [%clk 0:21:55] } Rb8 { [%clk 0:23:04] } 35. Qc2 { [%clk 0:21:38] } Kg8 { [%clk 0:21:47] } 36. a6 { [%clk 0:20:26] } Qc8 { [%clk 0:21:14] } 37. e4 { [%clk 0:17:22] } fxe4 { [%clk 0:21:06] } 38. Qxe4 { [%clk 0:17:46] } Qh3 { [%clk 0:20:12] } 39. Kg1 { [%clk 0:17:40] } Qd7 { [%clk 0:16:56] } 40. Rb7 { [%clk 0:12:17] } Re8 { [%clk 0:16:23] } 41. Qg4 { [%clk 0:09:44] } Qe7 { [%clk 0:16:05] } 42. Bf2 { [%clk 0:09:24] } Ra8 { [%clk 0:13:23] } 43. a7 { [%clk 0:09:01] } Qe8 { [%clk 0:12:58] } 44. Qe4 { [%clk 0:08:17] } Qc8 { [%clk 0:13:09] }
12	1. e4 { [%clk 1:30:56] } e5 { [%clk 1:30:19] } 2. Nf3 { [%clk 1:31:05] } Nc6 { [%clk 1:30:41] } 3. d3 { [%clk 1:30:07] } Nf6 { [%clk 1:29:00] } 4. Be2 { [%clk 1:30:25] } d5 { [%clk 1:26:58] } 5. exd5 { [%clk 1:30:34] } Nxd5 { [%clk 1:26:59] } 6. O-O { [%clk 1:30:41] } Be7 { [%clk 1:25:48] } 7. Re1 { [%clk 1:30:32] } O-O { [%clk 1:24:57] } 8. Bf1 { [%clk 1:30:22] } Bg4 { [%clk 1:08:51] } 9. c3 { [%clk 1:23:24] } Qd7 { [%clk 1:05:29] } 10. Nbd2 { [%clk 1:19:46] } Nb6?! { Inaccuracy. f6 was best. } { [%clk 0:56:33] } 11. h3 { [%clk 1:17:14] } Bh5? { Mistake. Bxf3 was best. } { [%clk 0:59:03] } 12. Ne4?? { Blunder. Nxe5 was best. } { [%clk 1:16:31] } f6?? { Blunder. Qd5 was best. } { [%clk 0:52:26] } 13. Ng3?? { Blunder. Nxe5 was best. } { [%clk 1:14:27] } Bg6 { [%clk 0:50:31] } 14. Nh4 { [%clk 1:12:15] } Bf7 { [%clk 0:49:16] } 15. Nhf5 { [%clk 1:10:59] } Bg6 { [%clk 0:48:49] } 16. Qg4 { [%clk 1:06:15] } Rad8 { [%clk 0:47:08] } 17. Bd2 { [%clk 0:46:16] } Bd6 { [%clk 0:43:53] } 18. Qf3?? { Blunder. b4 was best. } { [%clk 0:42:19] } Ne7? { Mistake. e4 was best. } { [%clk 0:41:24] } 19. Nh4 { [%clk 0:34:48] } Bf7 { [%clk 0:39:06] } 20. b3 { [%clk 0:25:41] } c6 { [%clk 0:35:07] } 21. Rad1 { [%clk 0:24:00] } Bb8 { [%clk 0:31:44] } 22. Nhf5 { [%clk 0:23:27] } Nxf5 { [%clk 0:30:00] } 23. Qxf5 { [%clk 0:22:32] } Bg6 { [%clk 0:30:18] } 24. Qxd7 { [%clk 0:22:05] } Rxd7 { [%clk 0:30:35] } 25. Ne4 { [%clk 0:19:37] } Bd6 { [%clk 0:28:30] } 26. Nxd6 { [%clk 0:16:16] } Rxd6 { [%clk 0:28:45] } 27. Be3 { [%clk 0:16:03] } Rfd8 { [%clk 0:25:43] } 28. Bc5 { [%clk 0:13:39] } Rd5 { [%clk 0:25:04] } 29. d4 { [%clk 0:12:28] } Bf7?! { Inaccuracy. exd4 was best. } { [%clk 0:21:58] } 30. Rc1?! { Inaccuracy. c4 was best. } { [%clk 0:10:48] } exd4 { [%clk 0:18:10] } 31. Bxd4 { [%clk 0:09:10] } R5d7 { [%clk 0:16:14] } 32. Be2 { [%clk 0:08:50] } Re7 { [%clk 0:14:43] } 33. Bf3 { [%clk 0:08:23] } Rde8 { [%clk 0:13:28] } 34. Rxe7 { [%clk 0:08:27] } Rxe7 { [%clk 0:13:57] } 35. Rd1 { [%clk 0:08:30] } Rd7 { [%clk 0:10:46] } 36. Re1 { [%clk 0:07:08] } Rc7?! { Inaccuracy. Nd5 was best. } { [%clk 0:07:37] } 37. c4 { [%clk 0:04:25] } c5 { [%clk 0:07:13] } 38. Be3 { [%clk 0:04:38] } Re7?? { Blunder. g5 was best. } { [%clk 0:01:24] } 39. Rd1 { [%clk 0:04:36] } Nd7 { [%clk 0:00:59] } 40. Bxb7 { [%clk 0:04:30] } Be6 { [%clk 0:01:22] } 41. Bc8 { [%clk 0:03:35] } Kf7 { [%clk 0:01:23] } 42. Rd6 { [%clk 0:02:59] } g6 { [%clk 0:01:06] } 43. Rc6 { [%clk 0:02:55] } Ke8 { [%clk 0:00:41] } 44. Bxd7+ { [%clk 0:02:02] } Kxd7 { [%clk 0:00:33] } 45. Rxc5 { [%clk 0:02:25] } Kd6 { [%clk 0:00:45] } 46. Ra5 { [%clk 0:02:45] } Kc6 { [%clk 0:00:47] } 47. Ra6+ { [%clk 0:02:49] } Kd7 { [%clk 0:00:51] } 48. Bc5 { [%clk 0:02:38] } Re8 { [%clk 0:01:08] } 49. Rxa7+ { [%clk 0:02:52] } Kc6 { [%clk 0:01:35] } 50. Be3 { [%clk 0:02:53] } Bd7 { [%clk 0:01:52] } 51. Ra6+ { [%clk 0:02:56] }
13	1. e4 { [%clk 1:30:58] } c6 { [%clk 1:30:49] } 2. d4 { [%clk 1:31:26] } d5 { [%clk 1:31:16] } 3. Nd2 { [%clk 1:31:54] } dxe4 { [%clk 1:31:39] } 4. Nxe4 { [%clk 1:32:21] } h6 { [%clk 1:23:12] } 5. Nf3 { [%clk 1:32:32] } Bf5 { [%clk 1:23:39] } 6. Ng3 { [%clk 1:32:56] } Bh7 { [%clk 1:24:05] } 7. Bd3 { [%clk 1:33:17] } Bxd3 { [%clk 1:24:16] } 8. Qxd3 { [%clk 1:33:43] } Nf6 { [%clk 1:23:05] } 9. Bf4 { [%clk 1:33:46] } e6 { [%clk 1:22:59] } 10. O-O-O { [%clk 1:33:52] } Be7 { [%clk 1:15:39] } 11. Ne4?! { Inaccuracy. Qe2 was best. } { [%clk 1:32:37] } Nxe4 { [%clk 1:14:59] } 12. Qxe4 { [%clk 1:32:56] } Qd5 { [%clk 1:14:52] } 13. Qxd5 { [%clk 1:33:07] } cxd5 { [%clk 1:15:18] } 14. Ne5 { [%clk 1:32:58] } O-O { [%clk 1:12:11] } 15. h4 { [%clk 1:32:48] } Nc6 { [%clk 1:03:11] } 16. g4 { [%clk 1:32:48] } Rac8 { [%clk 1:01:20] } 17. Nxc6 { [%clk 1:32:34] } Rxc6 { [%clk 1:01:29] } 18. g5?! { Inaccuracy. a3 was best. } { [%clk 1:32:56] } h5 { [%clk 1:01:27] } 19. c3 { [%clk 1:32:15] } g6?! { Inaccuracy. b5 was best. } { [%clk 1:01:38] } 20. Rh3 { [%clk 1:31:48] } b5 { [%clk 1:00:49] } 21. a3 { [%clk 1:31:58] } a5 { [%clk 1:00:19] } 22. Kd2 { [%clk 1:31:51] } Rfc8 { [%clk 1:00:10] } 23. b4 { [%clk 1:30:21] } axb4 { [%clk 0:59:23] } 24. axb4 { [%clk 1:30:48] } Ra6 { [%clk 0:59:35] } 25. Be5 { [%clk 1:27:36] } Ra2+ { [%clk 0:59:06] } 26. Ke1 { [%clk 1:28:00] } Rc2 { [%clk 0:48:03] } 27. Rdd3?? { Blunder. Kf1 was best. } { [%clk 1:28:21] } Ra8?? { Blunder. R8xc3 was best. } { [%clk 0:47:22] } 28. Rd2 { [%clk 1:28:12] } Ra1+ { [%clk 0:46:31] } 29. Ke2 { [%clk 1:28:33] } Rcc1 { [%clk 0:46:17] } 30. Rdd3?! { Inaccuracy. Rb2 was best. } { [%clk 1:27:48] } Ra2+?! { Inaccuracy. Re1+ was best. } { [%clk 0:42:35] } 31. Rd2 { [%clk 1:28:13] } Ra3 { [%clk 0:41:02] } 32. Rdd3 { [%clk 1:28:30] } Rc2+ { [%clk 0:41:14] } 33. Kf1 { [%clk 1:28:36] } Raa2 { [%clk 0:41:19] } 34. Rdf3 { [%clk 1:28:54] } Ra1+ { [%clk 0:35:53] } 35. Kg2 { [%clk 1:29:21] } Rcc1 { [%clk 0:33:27] } 36. Rd3 { [%clk 1:29:39] } Rg1+ { [%clk 0:32:41] } 37. Kf3 { [%clk 1:30:07] } Ra2 { [%clk 0:31:53] } 38. Re3 { [%clk 1:30:28] } Rc2 { [%clk 0:31:19] } 39. Rg3 { [%clk 1:28:39] } Rh1 { [%clk 0:19:57] } 40. Re2 { [%clk 1:24:31] } Rxc3+ { [%clk 0:16:20] } 41. Kg2 { [%clk 1:24:54] } Rhc1 { [%clk 0:14:54] } 42. Rxc3 { [%clk 1:25:15] } Rxc3 { [%clk 0:15:21] } 43. Ra2 { [%clk 1:25:43] } Rc8 { [%clk 0:15:34] } 44. Ra5 { [%clk 1:26:11] } Bxb4 { [%clk 0:15:45] } 45. Rxb5 { [%clk 1:26:39] } Bf8 { [%clk 0:16:01] } 46. Rb7 { [%clk 1:26:58] } Bg7 { [%clk 0:15:53] } 47. Bf6 { [%clk 1:26:44] } Bxf6 { [%clk 0:08:53] } 48. gxf6 { [%clk 1:27:11] } g5 { [%clk 0:03:34] } 49. hxg5 { [%clk 1:27:31] } Rc4 { [%clk 0:04:00] } 50. Rb8+ { [%clk 1:27:33] } Kh7 { [%clk 0:04:27] } 51. Rf8 { [%clk 1:27:20] } Rc7 { [%clk 0:01:48] } 52. Kg3 { [%clk 1:27:11] } Kg6 { [%clk 0:01:53] } 53. Rg8+ { [%clk 1:27:04] } Kf5 { [%clk 0:01:48] } 54. Kh4 { [%clk 1:27:31] } Rc1 { [%clk 0:01:13] } 55. Rg7 { [%clk 1:27:52] } Kf4 { [%clk 0:01:06] } 56. Kh3 { [%clk 1:28:20] } Rc3+ { [%clk 0:00:32] } 57. Kg2 { [%clk 1:28:40] } Kf5 { [%clk 0:00:32] } 58. f4 { [%clk 1:28:42] } Rc7 { [%clk 0:00:31] } 59. Kg3 { [%clk 1:29:00] } Rc3+ { [%clk 0:00:35] } 60. Kg2 { [%clk 1:28:20] } h4 { [%clk 0:00:33] } 61. Rxf7 { [%clk 1:28:40] } Kg4?? { Blunder. Kxf4 was best. } { [%clk 0:00:33] } 62. Ra7?? { Blunder. g6 was best. } { [%clk 1:28:48] } h3+ { [%clk 0:00:40] } 63. Kh1 { [%clk 1:28:58] } Kg3?? { Blunder. Rc1+ was best. } { [%clk 0:00:31] } 64. Ra1 { [%clk 1:29:24] } Rc2 { [%clk 0:00:32] } 65. Ra3+?! { Inaccuracy. Rg1+ was best. } { [%clk 1:28:43] } Kxf4? { Mistake. Kg4 was best. } { [%clk 0:00:31] } 66. f7 { [%clk 1:29:01] } Rc1+? { Checkmate is now unavoidable. Kg4 was best. } { [%clk 0:00:33] } 67. Kh2 { [%clk 1:29:28] } Rc2+ { [%clk 0:00:31] } 68. Kxh3 { [%clk 1:29:52] } Rc8 { [%clk 0:00:36] } 69. g6 { [%clk 1:30:15] }
14	1. e4 { [%clk 1:29:05] } c5 { [%clk 1:30:07] } 2. Nf3 { [%clk 1:29:30] } d6 { [%clk 1:30:27] } 3. d4 { [%clk 1:29:55] } cxd4 { [%clk 1:30:45] } 4. Nxd4 { [%clk 1:30:20] } Nf6 { [%clk 1:31:12] } 5. Nc3 { [%clk 1:30:45] } Nc6 { [%clk 1:31:36] } 6. Bc4 { [%clk 1:31:05] } Qb6 { [%clk 1:30:41] } 7. Nb3 { [%clk 1:30:08] } e6 { [%clk 1:31:07] } 8. Be3 { [%clk 1:29:37] } Qc7 { [%clk 1:31:36] } 9. O-O { [%clk 1:27:43] } a6 { [%clk 1:32:03] } 10. a4 { [%clk 1:27:22] } b6 { [%clk 1:27:28] } 11. f3 { [%clk 1:27:19] } Bb7 { [%clk 1:18:44] } 12. Qe1 { [%clk 1:24:23] } d5 { [%clk 1:14:24] } 13. exd5 { [%clk 1:20:32] } Nb4 { [%clk 1:14:53] } 14. Bd3 { [%clk 1:15:15] } Nxd3 { [%clk 1:08:30] } 15. cxd3 { [%clk 1:15:43] } Nxd5 { [%clk 1:06:56] } 16. Bd4 { [%clk 1:12:40] } Bd6 { [%clk 1:06:03] } 17. h3 { [%clk 1:10:48] } O-O { [%clk 1:02:46] } 18. Rc1 { [%clk 1:07:44] } Qd8 { [%clk 0:59:47] } 19. Qf2? { Mistake. Nxd5 was best. } { [%clk 1:05:59] } Bc7? { Mistake. e5 was best. } { [%clk 1:00:03] } 20. Rfe1? { Mistake. Nxd5 was best. } { [%clk 0:59:12] } Nf4 { [%clk 0:58:15] } 21. Rcd1 { [%clk 0:57:31] } Qg5 { [%clk 0:56:32] } 22. Kh1 { [%clk 0:56:38] } Rad8 { [%clk 0:33:49] } 23. Ne2 { [%clk 0:41:56] } Nxe2 { [%clk 0:30:16] } 24. Rxe2 { [%clk 0:41:54] } Qf4?! { Inaccuracy. Bg3 was best. } { [%clk 0:28:00] } 25. Kg1?! { Inaccuracy. Qg1 was best. } { [%clk 0:42:16] } Bd5? { Mistake. Qh2+ was best. } { [%clk 0:27:50] } 26. Nd2 { [%clk 0:40:58] } Bc6 { [%clk 0:26:09] } 27. Rc1?? { Blunder. Bxb6 was best. } { [%clk 0:39:29] } Bxa4?! { Inaccuracy. Rxd4 was best. } { [%clk 0:23:27] } 28. Rxc7 { [%clk 0:38:03] } Qxc7 { [%clk 0:19:26] } 29. Bxb6 { [%clk 0:38:26] } Qc1+ { [%clk 0:19:55] } 30. Re1 { [%clk 0:38:55] } Qxb2 { [%clk 0:20:12] } 31. Bxd8 { [%clk 0:39:10] } Rxd8 { [%clk 0:20:16] } 32. Rb1 { [%clk 0:34:48] } Qf6? { Mistake. Qc2 was best. } { [%clk 0:19:41] } 33. Ne4 { [%clk 0:34:53] } Qe7 { [%clk 0:19:59] } 34. d4? { Mistake. Rb6 was best. } { [%clk 0:35:02] } h6 { [%clk 0:19:52] } 35. Nc5 { [%clk 0:35:17] } Bb5 { [%clk 0:20:15] } 36. Rb2 { [%clk 0:33:58] } Rd5 { [%clk 0:20:28] } 37. Ne4 { [%clk 0:32:53] } Qa3 { [%clk 0:19:26] } 38. Ra2 { [%clk 0:32:00] } Qb3 { [%clk 0:18:42] } 39. Rc2 { [%clk 0:31:43] } Kh7?! { Inaccuracy. Rd8 was best. } { [%clk 0:18:15] } 40. Rd2?! { Inaccuracy. Kh2 was best. } { [%clk 0:27:02] } a5 { [%clk 0:14:43] } 41. Kh2 { [%clk 0:27:26] } a4 { [%clk 0:12:11] } 42. Rb2 { [%clk 0:27:27] } Qc4 { [%clk 0:12:36] } 43. Qh4?! { Inaccuracy. Qe3 was best. } { [%clk 0:25:31] } a3 { [%clk 0:06:27] } 44. Qe7? { Mistake. Rd2 was best. } { [%clk 0:24:08] } axb2 { [%clk 0:06:02] } 45. Nf6+ { [%clk 0:24:32] } Kg6 { [%clk 0:06:31] }
15	1. d4 { [%clk 1:30:58] } Nf6 { [%clk 1:29:27] } 2. c4 { [%clk 1:31:23] } c5 { [%clk 1:29:38] } 3. d5 { [%clk 1:31:49] } b5 { [%clk 1:30:00] } 4. cxb5 { [%clk 1:32:16] } a6 { [%clk 1:30:26] } 5. e3 { [%clk 1:32:43] } g6 { [%clk 1:30:49] } 6. Nc3 { [%clk 1:33:07] } Bg7 { [%clk 1:31:15] } 7. a4 { [%clk 1:33:34] } O-O { [%clk 1:31:39] } 8. e4 { [%clk 1:33:54] } Bb7 { [%clk 1:30:38] } 9. Bd3 { [%clk 1:33:09] } e6 { [%clk 1:30:43] } 10. Nge2 { [%clk 1:32:46] } exd5 { [%clk 1:29:55] } 11. exd5 { [%clk 1:27:25] } Nxd5?! { Inaccuracy. d6 was best. } { [%clk 1:20:03] } 12. Nxd5 { [%clk 1:34:14] } Bxd5 { [%clk 1:20:29] } 13. Bxg6 { [%clk 1:34:29] } Bxg2 { [%clk 1:19:48] } 14. Rg1?? { Blunder. Bxh7+ was best. } { [%clk 1:34:12] } hxg6 { [%clk 1:19:35] } 15. Rxg2 { [%clk 1:34:38] } d5 { [%clk 1:13:24] } 16. Rg5?! { Inaccuracy. h4 was best. } { [%clk 1:14:34] } d4 { [%clk 1:10:29] } 17. Qb3 { [%clk 0:46:08] } Qf6 { [%clk 0:37:50] } 18. Rxc5?! { Inaccuracy. Kf1 was best. } { [%clk 1:12:46] } Nd7 { [%clk 0:19:57] } 19. Rc6 { [%clk 1:11:35] } Qf5 { [%clk 0:13:42] } 20. Ra3 { [%clk 1:05:38] } Rfe8 { [%clk 0:09:47] } 21. Kf1?! { Inaccuracy. Qd3 was best. } { [%clk 0:55:06] } d3?? { Blunder. Ne5 was best. } { [%clk 0:06:50] } 22. Nf4?? { Blunder. Qxd3 was best. } { [%clk 0:54:08] } Qe4?? { Blunder. Ne5 was best. } { [%clk 0:02:53] } 23. Rxg6?? { Checkmate is now unavoidable. Qd5 was best. } { [%clk 0:45:36] } Qh1+ { [%clk 0:21:43] } 24. Rg1 { [%clk 0:46:01] } Re1+ { [%clk 0:22:08] } 25. Kxe1 { [%clk 0:46:27] } Qxg1+ { [%clk 0:22:34] } 26. Kd2 { [%clk 0:46:49] } Qxf2+ { [%clk 0:23:00] } 27. Kd1 { [%clk 0:46:48] } Qf1+ { [%clk 0:23:25] } 28. Kd2 { [%clk 0:46:35] } Qxf4+ { [%clk 0:23:50] }
16	1. d4 { [%clk 1:28:46] } Nf6 { [%clk 1:30:50] } 2. c4 { [%clk 1:28:55] } e6 { [%clk 1:31:14] } 3. Nf3 { [%clk 1:29:10] } b6 { [%clk 1:29:55] } 4. a3 { [%clk 1:29:30] } Bb7 { [%clk 1:28:18] } 5. Nc3 { [%clk 1:29:50] } Be7 { [%clk 1:28:27] } 6. Qc2 { [%clk 1:30:10] } d5 { [%clk 1:25:50] } 7. cxd5 { [%clk 1:30:33] } exd5 { [%clk 1:25:09] } 8. Bf4 { [%clk 1:30:50] } c6 { [%clk 1:24:08] } 9. e3 { [%clk 1:30:57] } Nbd7 { [%clk 1:21:25] } 10. Bd3 { [%clk 1:30:06] } Nf8 { [%clk 1:15:57] } 11. Ne5 { [%clk 1:29:18] } Ng6 { [%clk 1:11:20] } 12. O-O?! { Inaccuracy. Bg3 was best. } { [%clk 1:21:39] } O-O?! { Inaccuracy. Nxf4 was best. } { [%clk 1:08:19] } 13. Bg5 { [%clk 1:21:28] } Kh8 { [%clk 0:57:37] } 14. f4 { [%clk 1:19:58] } Nd7 { [%clk 0:54:56] } 15. Bxe7 { [%clk 1:19:01] } Nxe7 { [%clk 0:50:42] } 16. Rf3 { [%clk 1:17:12] } f5 { [%clk 0:46:09] } 17. Rh3 { [%clk 1:16:01] } Nxe5?! { Inaccuracy. Nf6 was best. } { [%clk 0:46:09] } 18. fxe5 { [%clk 1:15:43] } g6 { [%clk 0:42:21] } 19. Qf2 { [%clk 1:15:43] } Ng8?! { Inaccuracy. Rf7 was best. } { [%clk 0:36:12] } 20. Ne2 { [%clk 0:00:00] } Kg7?! { Inaccuracy. Qg5 was best. } { [%clk 0:25:20] } 21. Rf1?! { Inaccuracy. Nf4 was best. } { [%clk 0:00:00] } Bc8?! { Inaccuracy. Qg5 was best. } { [%clk 0:29:06] } 22. Nf4 { [%clk 0:00:00] } Qe7 { [%clk 0:20:15] } 23. Qg3 { [%clk 1:10:29] } Qe8 { [%clk 0:06:55] } 24. Qh4 { [%clk 1:09:12] } h6 { [%clk 0:17:15] } 25. Rg3 { [%clk 1:07:49] } g5? { Mistake. Ne7 was best. } { [%clk 0:16:10] } 26. Rxg5+ { [%clk 0:57:08] } hxg5 { [%clk 0:16:33] } 27. Qxg5+ { [%clk 0:52:28] } Kf7 { [%clk 0:10:01] } 28. Ng6?? { Lost forced checkmate sequence. Be2 was best. } { [%clk 0:57:38] } Qe6 { [%clk 0:06:45] } 29. Bxf5 { [%clk 0:57:17] } Qxf5 { [%clk 0:10:25] } 30. Rxf5+ { [%clk 0:57:11] } Bxf5 { [%clk 0:10:49] } 31. Qxf5+ { [%clk 0:58:09] } Kg7 { [%clk 0:11:08] } 32. Nxf8 { [%clk 0:58:36] } Rxf8 { [%clk 0:11:30] } 33. Qd7+ { [%clk 0:59:02] } Rf7 { [%clk 0:11:23] } 34. e6 { [%clk 0:59:26] } Re7 { [%clk 0:11:20] } 35. Qxc6 { [%clk 0:59:50] } Kf6 { [%clk 0:11:27] } 36. Qxd5 { [%clk 1:00:20] } Rxe6 { [%clk 0:10:43] } 37. e4 { [%clk 1:00:11] } Ne7 { [%clk 0:11:43] } 38. e5+ { [%clk 0:59:54] } Kf7 { [%clk 0:11:34] } 39. Qe4 { [%clk 1:01:08] }
17	1. d4 { [%clk 1:27:29] } f5 { [%clk 1:30:49] } 2. c4 { [%clk 1:27:58] } e6 { [%clk 1:30:58] } 3. g3 { [%clk 1:28:17] } c6 { [%clk 1:30:31] } 4. Bg2 { [%clk 1:28:36] } d5 { [%clk 1:30:54] } 5. b3 { [%clk 1:28:40] } Bd6 { [%clk 1:30:53] } 6. Nf3 { [%clk 1:29:04] } Nf6 { [%clk 1:30:36] } 7. O-O { [%clk 1:29:20] } Qe7 { [%clk 1:30:32] } 8. Bf4 { [%clk 1:28:05] } Bxf4 { [%clk 1:30:36] } 9. gxf4 { [%clk 1:28:34] } O-O { [%clk 1:29:23] } 10. Nbd2 { [%clk 1:23:08] } Bd7 { [%clk 1:26:39] } 11. Ne5 { [%clk 1:22:25] } Be8 { [%clk 1:25:16] } 12. f3? { Mistake. Ndf3 was best. } { [%clk 1:21:04] } Bh5?! { Inaccuracy. c5 was best. } { [%clk 1:16:41] } 13. Qe1 { [%clk 1:20:10] } Nbd7 { [%clk 1:12:59] } 14. c5 { [%clk 1:16:30] } Kh8 { [%clk 1:08:11] } 15. Qh4 { [%clk 1:16:17] } Rae8 { [%clk 1:02:57] } 16. e4 { [%clk 1:13:11] } Bf7 { [%clk 0:57:51] } 17. Rae1 { [%clk 1:00:41] } Nxe5 { [%clk 0:55:53] } 18. fxe5 { [%clk 1:00:51] } Nd7?! { Inaccuracy. Ng8 was best. } { [%clk 0:53:34] } 19. Qh3? { Mistake. Qxe7 was best. } { [%clk 0:59:23] } Qg5?? { Blunder. f4 was best. } { [%clk 0:51:28] } 20. f4 { [%clk 0:57:59] } Qh5 { [%clk 0:50:19] } 21. exd5 { [%clk 0:52:13] } cxd5 { [%clk 0:50:12] } 22. Qc3? { Mistake. Qxh5 was best. } { [%clk 0:48:50] } g5 { [%clk 0:43:44] } 23. Qa5 { [%clk 0:43:49] } Nb8 { [%clk 0:37:22] } 24. fxg5? { Mistake. Qxa7 was best. } { [%clk 0:38:10] } Nc6 { [%clk 0:35:49] } 25. Qc3 { [%clk 0:38:31] } Qxg5 { [%clk 0:34:13] } 26. b4 { [%clk 0:38:00] } Rg8 { [%clk 0:32:53] } 27. Rf2 { [%clk 0:38:28] } Bh5 { [%clk 0:27:35] } 28. b5 { [%clk 0:34:32] } Ne7 { [%clk 0:26:30] } 29. Qe3 { [%clk 0:32:34] } Qh4 { [%clk 0:21:20] } 30. Kh1 { [%clk 0:28:00] } Ng6?! { Inaccuracy. a6 was best. } { [%clk 0:18:50] } 31. Nf3 { [%clk 0:22:41] } Bxf3 { [%clk 0:14:11] } 32. Rxf3 { [%clk 0:22:51] } Ne7 { [%clk 0:13:43] } 33. Rh3 { [%clk 0:20:09] } Qg4 { [%clk 0:12:57] } 34. Rg3 { [%clk 0:17:15] } Qh4 { [%clk 0:12:48] } 35. Rd1?! { Inaccuracy. Rh3 was best. } { [%clk 0:10:27] } f4 { [%clk 0:09:26] } 36. Rh3? { Mistake. Rxg8+ was best. } { [%clk 0:10:56] } Qg4?? { Blunder. fxe3 was best. } { [%clk 0:08:53] } 37. Qf3 { [%clk 0:11:10] } Qg6 { [%clk 0:06:58] } 38. Rd2?? { Blunder. Rh4 was best. } { [%clk 0:08:58] } Ref8 { [%clk 0:06:18] } 39. Rh4? { Mistake. Rb2 was best. } { [%clk 0:08:11] } Qg5 { [%clk 0:05:47] } 40. Qh5?! { Inaccuracy. Rh3 was best. } { [%clk 0:05:24] } Qg6?? { Blunder. Qxh5 was best. } { [%clk 0:03:46] } 41. Qxg6 { [%clk 0:04:33] } Rxg6 { [%clk 0:03:33] } 42. Bh3?? { Blunder. Bf3 was best. } { [%clk 0:02:56] } Rfg8?? { Blunder. f3 was best. } { [%clk 0:03:15] } 43. Rd1 { [%clk 0:03:26] } f3? { Mistake. Rf8 was best. } { [%clk 0:03:13] } 44. Rf4 { [%clk 0:03:42] } a6 { [%clk 0:01:55] } 45. bxa6?! { Inaccuracy. a4 was best. } { [%clk 0:02:59] } bxa6 { [%clk 0:02:15] } 46. Rxf3 { [%clk 0:03:17] } Nc6 { [%clk 0:01:52] } 47. Rf6 { [%clk 0:03:37] } Rxf6?? { Blunder. Re8 was best. } { [%clk 0:01:41] } 48. exf6 { [%clk 0:04:03] } Nd8 { [%clk 0:02:07] } 49. Rb1 { [%clk 0:03:47] } Rf8 { [%clk 0:02:22] } 50. Rb6 { [%clk 0:02:37] } Rxf6 { [%clk 0:02:41] } 51. Rb8 { [%clk 0:02:58] } Rf8 { [%clk 0:03:07] } 52. c6 { [%clk 0:03:20] }
18	1. d4 { [%clk 1:30:54] } Nf6 { [%clk 1:30:54] } 2. c4 { [%clk 1:30:19] } e6 { [%clk 1:31:20] } 3. Nf3 { [%clk 1:30:43] } Bb4+ { [%clk 1:30:44] } 4. Nbd2 { [%clk 1:30:50] } d6 { [%clk 1:25:00] } 5. Qc2 { [%clk 1:23:09] } Nc6 { [%clk 1:23:59] } 6. e4 { [%clk 1:21:09] } O-O { [%clk 1:12:22] } 7. Be2 { [%clk 1:19:53] } e5 { [%clk 1:11:05] } 8. d5 { [%clk 1:19:10] } Nb8 { [%clk 1:08:47] } 9. a3 { [%clk 1:18:57] } Bxd2+ { [%clk 1:23:04] } 10. Bxd2 { [%clk 1:17:54] } a5 { [%clk 1:18:55] } 11. h3 { [%clk 1:05:55] } a4 { [%clk 1:19:27] } 12. g4 { [%clk 1:05:40] } Nfd7 { [%clk 1:17:57] } 13. Bg5 { [%clk 1:02:53] } Qe8 { [%clk 1:16:47] } 14. Nh4?! { Inaccuracy. Be3 was best. } { [%clk 1:00:52] } Nc5 { [%clk 1:16:22] } 15. Nf5?! { Inaccuracy. O-O-O was best. } { [%clk 1:00:25] } f6?! { Inaccuracy. Bxf5 was best. } { [%clk 1:11:49] } 16. Be3 { [%clk 0:59:58] } g6? { Mistake. Nb3 was best. } { [%clk 1:10:18] } 17. Ng3?! { Inaccuracy. Nh6+ was best. } { [%clk 0:58:09] } c6? { Mistake. Nb3 was best. } { [%clk 1:02:34] } 18. h4? { Mistake. Bxc5 was best. } { [%clk 0:41:50] } Qe7? { Mistake. Nb3 was best. } { [%clk 0:53:13] } 19. h5?! { Inaccuracy. Bxc5 was best. } { [%clk 0:38:35] } g5?! { Inaccuracy. Nb3 was best. } { [%clk 0:53:25] } 20. O-O-O?? { Blunder. Bxc5 was best. } { [%clk 0:35:00] } h6?? { Blunder. Nb3+ was best. } { [%clk 0:50:15] } 21. Kb1? { Mistake. Bxc5 was best. } { [%clk 0:32:11] } Nba6 { [%clk 0:46:26] } 22. Nf5?! { Inaccuracy. Qc3 was best. } { [%clk 0:26:02] } Bxf5 { [%clk 0:46:45] } 23. gxf5 { [%clk 0:26:05] } Rab8 { [%clk 0:43:09] } 24. f3 { [%clk 0:17:44] } Rfc8 { [%clk 0:39:57] } 25. Qd2 { [%clk 0:16:25] } Nb3 { [%clk 0:39:37] } 26. Qd3 { [%clk 0:15:12] } Nbc5?! { Inaccuracy. c5 was best. } { [%clk 0:38:52] } 27. Qd2 { [%clk 0:15:29] } Nb3 { [%clk 0:39:16] } 28. Qd3 { [%clk 0:15:55] } Nac5?! { Inaccuracy. c5 was best. } { [%clk 0:39:28] } 29. Qc3 { [%clk 0:15:47] } Kh7 { [%clk 0:39:07] } 30. Bd3?! { Inaccuracy. Qb4 was best. } { [%clk 0:14:05] } cxd5?! { Inaccuracy. Nxd3 was best. } { [%clk 0:33:45] } 31. exd5 { [%clk 0:12:29] } b6 { [%clk 0:31:59] } 32. Rde1?! { Inaccuracy. Be2 was best. } { [%clk 0:07:57] } Qd7?! { Inaccuracy. Nxd3 was best. } { [%clk 0:28:41] } 33. f4? { Mistake. Rhg1 was best. } { [%clk 0:02:59] } Nxd3 { [%clk 0:25:26] } 34. Qxd3 { [%clk 0:03:02] } gxf4 { [%clk 0:25:33] } 35. Bf2 { [%clk 0:01:26] } Rg8 { [%clk 0:20:18] } 36. Bh4 { [%clk 0:01:08] } Rg2 { [%clk 0:19:08] } 37. Reg1 { [%clk 0:00:53] } Rbg8 { [%clk 0:18:24] } 38. Rxg2 { [%clk 0:01:09] } Rxg2 { [%clk 0:18:45] } 39. Bxf6 { [%clk 0:01:28] } Rg3 { [%clk 0:17:59] } 40. Qc2 { [%clk 0:01:28] } Nd4 { [%clk 0:18:19] } 41. Qe4 { [%clk 0:01:15] } Re3 { [%clk 0:18:38] } 42. Qg2 { [%clk 0:00:53] } Qxf5+ { [%clk 0:18:50] } 43. Ka2 { [%clk 0:01:08] } Qxf6 { [%clk 0:19:06] } 44. Rg1?! { Inaccuracy. Qg4 was best. } { [%clk 0:01:27] } Rg3 { [%clk 0:19:18] } 45. Qe4+ { [%clk 0:01:45] } Qf5 { [%clk 0:19:38] }
19	1. e4 { [%clk 1:30:58] } c5 { [%clk 1:30:50] } 2. Nf3 { [%clk 1:31:26] } g6 { [%clk 1:31:13] } 3. d4 { [%clk 1:31:55] } cxd4 { [%clk 1:31:35] } 4. Nxd4 { [%clk 1:32:24] } Bg7 { [%clk 1:31:55] } 5. Nc3 { [%clk 1:32:46] } Nc6 { [%clk 1:32:06] } 6. Be3 { [%clk 1:33:11] } Nf6 { [%clk 1:32:24] } 7. Be2 { [%clk 1:32:54] } O-O { [%clk 1:32:28] } 8. O-O { [%clk 1:33:20] } d5 { [%clk 1:32:43] } 9. Nxc6 { [%clk 1:04:03] } bxc6 { [%clk 1:33:03] } 10. Bf3 { [%clk 1:03:41] } Bb7 { [%clk 1:27:57] } 11. Re1 { [%clk 1:03:02] } e5 { [%clk 1:25:50] } 12. exd5 { [%clk 1:00:18] } cxd5 { [%clk 1:25:58] } 13. Bc5 { [%clk 0:59:52] } Re8 { [%clk 1:26:22] } 14. g3?! { Inaccuracy. Nb5 was best. } { [%clk 0:54:27] } Qc7?! { Inaccuracy. Qd7 was best. } { [%clk 1:23:25] } 15. Ba3? { Mistake. b4 was best. } { [%clk 0:54:23] } Rad8 { [%clk 1:22:33] } 16. Bg2 { [%clk 0:43:37] } e4 { [%clk 0:57:08] } 17. Nb5 { [%clk 0:42:27] } Qb6 { [%clk 0:57:01] } 18. Nd4 { [%clk 0:40:56] } Ng4 { [%clk 0:52:43] } 19. c3 { [%clk 0:37:49] } Ne5 { [%clk 0:52:00] } 20. Qb3 { [%clk 0:34:30] } Nd3 { [%clk 0:41:03] } 21. Qxb6 { [%clk 0:34:32] } axb6 { [%clk 0:41:29] } 22. Red1 { [%clk 0:34:46] } Bxd4 { [%clk 0:38:29] } 23. cxd4 { [%clk 0:35:15] } Rc8 { [%clk 0:38:41] } 24. Bf1 { [%clk 0:35:23] } Ba6 { [%clk 0:38:35] } 25. Rd2 { [%clk 0:27:08] } f5 { [%clk 0:36:34] } 26. Bxd3 { [%clk 0:25:38] } Bxd3 { [%clk 0:31:34] } 27. Bb4 { [%clk 0:24:27] } Kf7 { [%clk 0:30:35] } 28. Rdd1 { [%clk 0:23:02] } Ke6?! { Inaccuracy. Rc2 was best. } { [%clk 0:27:34] } 29. Rac1 { [%clk 0:22:14] } Kd7 { [%clk 0:28:14] } 30. Bd2 { [%clk 0:21:02] } Rc4 { [%clk 0:24:34] } 31. b3 { [%clk 0:19:48] } Rcc8 { [%clk 0:24:12] } 32. Bf4 { [%clk 0:18:12] } Bc2 { [%clk 0:20:11] } 33. Rd2 { [%clk 0:18:15] } Bd3 { [%clk 0:20:34] } 34. Rdd1 { [%clk 0:18:40] } Bc2 { [%clk 0:20:20] } 35. Rd2 { [%clk 0:19:06] } Bd3 { [%clk 0:20:14] }
20	1. d4 { [%clk 1:30:56] } Nf6 { [%clk 1:30:33] } 2. c4 { [%clk 1:31:24] } g6 { [%clk 1:30:57] } 3. Nf3 { [%clk 1:31:46] } Bg7 { [%clk 1:31:21] } 4. Nc3 { [%clk 1:31:29] } d5 { [%clk 1:31:42] } 5. e3 { [%clk 1:27:55] } O-O { [%clk 1:31:27] } 6. Be2 { [%clk 1:27:16] } dxc4 { [%clk 1:29:16] } 7. O-O { [%clk 1:24:25] } c5 { [%clk 1:27:49] } 8. Bxc4 { [%clk 1:23:15] } Nc6 { [%clk 1:22:29] } 9. h3 { [%clk 1:19:43] } Bf5?! { Inaccuracy. cxd4 was best. } { [%clk 1:15:25] } 10. Nh4? { Mistake. dxc5 was best. } { [%clk 1:17:58] } Be4?! { Inaccuracy. cxd4 was best. } { [%clk 1:12:44] } 11. Nxe4 { [%clk 1:16:39] } Nxe4 { [%clk 1:13:12] } 12. Qc2 { [%clk 1:14:31] } Nd6 { [%clk 1:11:56] } 13. dxc5 { [%clk 1:14:05] } Nxc4 { [%clk 1:10:00] } 14. Qxc4 { [%clk 1:14:32] } Qa5 { [%clk 1:09:24] } 15. Nf3 { [%clk 1:11:38] } Rfd8 { [%clk 1:01:46] } 16. Rb1 { [%clk 1:10:04] } Qb4 { [%clk 0:47:00] } 17. Qc2 { [%clk 0:57:43] } Rd5 { [%clk 0:43:48] } 18. Bd2 { [%clk 0:55:48] } Qxc5 { [%clk 0:43:44] } 19. Qb3 { [%clk 0:54:33] } Qb5 { [%clk 0:40:05] } 20. Qxb5 { [%clk 0:50:54] } Rxb5 { [%clk 0:40:33] } 21. Rfc1 { [%clk 0:50:53] } Rd8 { [%clk 0:35:59] } 22. Bc3 { [%clk 0:50:56] } Rbd5 { [%clk 0:36:03] } 23. Bxg7 { [%clk 0:41:54] } Kxg7 { [%clk 0:36:32] } 24. Kf1 { [%clk 0:41:29] } e5 { [%clk 0:31:59] } 25. e4 { [%clk 0:40:13] } Ra5 { [%clk 0:32:02] } 26. a3 { [%clk 0:39:21] } Ra4 { [%clk 0:32:19] } 27. b4 { [%clk 0:37:52] } a6 { [%clk 0:25:30] } 28. b5 { [%clk 0:32:05] } axb5 { [%clk 0:25:16] } 29. Rxb5 { [%clk 0:32:33] } Nd4 { [%clk 0:22:25] } 30. Rxb7 { [%clk 0:29:57] } Nxf3 { [%clk 0:22:49] } 31. gxf3 { [%clk 0:29:47] } Rxa3 { [%clk 0:22:22] } 32. Rc5?? { Blunder. Kg2 was best. } { [%clk 0:28:16] } Rxf3 { [%clk 0:20:59] } 33. Kg2? { Mistake. Rb2 was best. } { [%clk 0:26:40] } Rf4 { [%clk 0:20:26] } 34. Rxe5? { Mistake. Rd5 was best. } { [%clk 0:24:22] } Rd2 { [%clk 0:19:17] } 35. Ree7 { [%clk 0:23:37] } Rdxf2+ { [%clk 0:19:34] } 36. Kg1 { [%clk 0:23:48] } h5 { [%clk 0:14:57] } 37. h4 { [%clk 0:23:45] } Re2 { [%clk 0:11:23] } 38. e5 { [%clk 0:23:50] } Kf8 { [%clk 0:11:24] } 39. Ra7 { [%clk 0:22:01] } Rf5 { [%clk 0:11:22] } 40. e6 { [%clk 0:22:07] } Rxe6 { [%clk 0:11:32] } 41. Rxe6 { [%clk 0:22:32] } fxe6 { [%clk 0:11:55] } 42. Kg2 { [%clk 0:22:56] } Rf4 { [%clk 0:11:51] }
21	1. d4 { [%clk 1:30:58] } Nf6 { [%clk 1:30:54] } 2. Bf4 { [%clk 1:31:24] } b6 { [%clk 1:31:50] } 3. Nf3 { [%clk 1:31:44] } Bb7 { [%clk 1:32:16] } 4. e3 { [%clk 1:31:58] } e6 { [%clk 1:32:43] } 5. h3 { [%clk 1:32:13] } c5 { [%clk 1:33:25] } 6. c3 { [%clk 1:31:00] } Nc6 { [%clk 1:33:39] } 7. Be2 { [%clk 1:28:34] } Be7 { [%clk 1:33:49] } 8. O-O { [%clk 1:28:07] } O-O { [%clk 1:34:11] } 9. Re1 { [%clk 1:27:07] } d5 { [%clk 1:34:02] } 10. Nbd2 { [%clk 1:26:55] } Rc8 { [%clk 1:34:02] } 11. a4 { [%clk 1:26:47] } Re8 { [%clk 1:33:39] } 12. Ne5 { [%clk 1:26:06] } Nd7 { [%clk 1:30:43] } 13. Nxd7 { [%clk 1:25:12] } Qxd7 { [%clk 1:31:03] } 14. Nf3 { [%clk 1:24:00] } a6 { [%clk 1:26:19] } 15. Qb3 { [%clk 1:21:50] } Bd8 { [%clk 1:22:52] } 16. Ne5 { [%clk 1:15:09] } Nxe5 { [%clk 1:22:58] } 17. Bxe5 { [%clk 1:15:08] } f6 { [%clk 1:23:07] } 18. Bh2 { [%clk 1:15:17] } Bc7 { [%clk 1:23:20] } 19. Bf3 { [%clk 1:09:12] } Bxh2+ { [%clk 1:18:11] } 20. Kxh2 { [%clk 1:09:35] } Qd6+ { [%clk 1:18:39] } 21. Kg1 { [%clk 1:09:44] } Rcd8 { [%clk 1:15:08] } 22. dxc5 { [%clk 1:04:33] } Qxc5 { [%clk 1:14:51] } 23. Rad1 { [%clk 1:01:49] } b5 { [%clk 1:00:40] } 24. e4 { [%clk 0:58:34] } Qc4 { [%clk 1:00:38] } 25. Qxc4 { [%clk 0:56:50] } dxc4 { [%clk 1:00:54] } 26. axb5 { [%clk 0:46:03] } axb5 { [%clk 1:01:13] } 27. Ra1 { [%clk 0:32:21] } Rd2 { [%clk 0:58:30] } 28. Ra7 { [%clk 0:32:35] } Rb8 { [%clk 0:58:26] } 29. Rea1 { [%clk 0:30:08] } Rxb2 { [%clk 0:56:50] } 30. Rd1?? { Blunder. e5 was best. } { [%clk 0:30:25] } b4 { [%clk 0:57:08] } 31. cxb4 { [%clk 0:26:01] } c3 { [%clk 0:56:52] } 32. Rc1 { [%clk 0:23:33] } c2 { [%clk 0:57:02] } 33. Kh2 { [%clk 0:23:47] } Rc8?? { Blunder. e5 was best. } { [%clk 0:52:39] } 34. Bg4 { [%clk 0:18:29] } Rb1 { [%clk 0:52:18] } 35. Bxe6+ { [%clk 0:18:08] } Kf8 { [%clk 0:52:43] } 36. Bxc8? { Mistake. Rxc2 was best. } { [%clk 0:17:57] } Rxc1 { [%clk 0:53:09] } 37. Kg3?? { Blunder. Bxb7 was best. } { [%clk 0:16:39] } Rd1 { [%clk 0:52:36] } 38. Bxb7 { [%clk 0:15:56] } c1=Q { [%clk 0:53:01] } 39. Bd5?? { Checkmate is now unavoidable. Ra5 was best. } { [%clk 0:16:05] } Qg5+ { [%clk 0:53:00] } 40. Kh2 { [%clk 0:16:23] } Qf4+ { [%clk 0:53:27] }
22	1. d4 { [%clk 1:30:57] } Nf6 { [%clk 1:30:56] } 2. Nf3 { [%clk 1:31:01] } g6 { [%clk 1:31:19] } 3. Bf4 { [%clk 1:31:08] } Bg7 { [%clk 1:31:41] } 4. e3 { [%clk 1:31:29] } d6 { [%clk 1:32:06] } 5. c3 { [%clk 1:31:42] } Nh5 { [%clk 1:31:54] } 6. Bg5 { [%clk 1:31:48] } h6 { [%clk 1:32:22] } 7. Bh4 { [%clk 1:31:57] } g5 { [%clk 1:32:49] } 8. Nfd2 { [%clk 1:31:54] } gxh4 { [%clk 1:30:33] } 9. Qxh5 { [%clk 1:32:12] } e5 { [%clk 1:27:34] } 10. Bc4 { [%clk 1:31:38] } Qe7 { [%clk 1:26:56] } 11. Nf3 { [%clk 1:28:48] } Bf6?! { Inaccuracy. c6 was best. } { [%clk 1:22:52] } 12. h3? { Mistake. dxe5 was best. } { [%clk 1:23:59] } e4?! { Inaccuracy. Nd7 was best. } { [%clk 1:06:47] } 13. Nfd2 { [%clk 1:23:10] } Rh7?! { Inaccuracy. Nd7 was best. } { [%clk 1:03:19] } 14. Bd5 { [%clk 1:21:53] } Nd7 { [%clk 0:55:24] } 15. Bxe4 { [%clk 1:21:46] } Rh8 { [%clk 0:53:11] } 16. Na3 { [%clk 1:21:31] } c6 { [%clk 0:51:42] } 17. Qa5?! { Inaccuracy. Bf5 was best. } { [%clk 1:20:46] } d5 { [%clk 0:48:42] } 18. Bf3 { [%clk 1:20:26] } Nb6 { [%clk 0:48:00] } 19. O-O-O { [%clk 1:14:25] } Be6 { [%clk 0:43:04] } 20. Kb1 { [%clk 1:13:14] } Rg8 { [%clk 0:37:50] } 21. Rhe1 { [%clk 1:13:14] } Qd7 { [%clk 0:36:31] } 22. e4 { [%clk 1:12:48] } Kf8 { [%clk 0:34:50] } 23. exd5 { [%clk 1:12:05] } cxd5 { [%clk 0:33:04] } 24. Ka1 { [%clk 1:08:46] } Kg7 { [%clk 0:31:42] } 25. Nb3 { [%clk 1:08:33] } Bf5 { [%clk 0:28:15] } 26. Nc5 { [%clk 1:08:21] } Qd6?! { Inaccuracy. Qc7 was best. } { [%clk 0:27:21] } 27. Nd3 { [%clk 1:05:54] } Rgd8 { [%clk 0:27:52] } 28. Ne5 { [%clk 1:05:44] } a6 { [%clk 0:24:25] } 29. Ng4? { Mistake. Nec4 was best. } { [%clk 1:04:25] } Bg5 { [%clk 0:24:15] } 30. Ne3 { [%clk 1:03:43] } Bg6 { [%clk 0:23:44] } 31. Ng4 { [%clk 1:02:21] } Nc8?! { Inaccuracy. Re8 was best. } { [%clk 0:17:32] } 32. Ne5 { [%clk 1:00:44] } Na7?! { Inaccuracy. Bh7 was best. } { [%clk 0:17:21] } 33. Nxg6 { [%clk 1:00:47] } Kxg6 { [%clk 0:17:50] } 34. Qa4?! { Inaccuracy. c4 was best. } { [%clk 0:59:19] } b5?! { Inaccuracy. Nc6 was best. } { [%clk 0:17:47] } 35. Qc2+ { [%clk 0:59:24] } Kg7 { [%clk 0:18:15] } 36. Re5 { [%clk 0:58:16] } b4 { [%clk 0:17:26] } 37. Rxd5 { [%clk 0:57:04] } Qf8 { [%clk 0:16:53] } 38. Rxd8 { [%clk 0:55:16] } Rxd8 { [%clk 0:17:55] } 39. cxb4 { [%clk 0:53:10] } Qxb4 { [%clk 0:18:14] } 40. Qc3 { [%clk 0:53:06] } Qb8 { [%clk 0:18:20] } 41. Qb3 { [%clk 0:52:32] } Qf4 { [%clk 0:16:10] } 42. Qb6 { [%clk 0:47:57] } Nb5 { [%clk 0:15:36] } 43. Nxb5 { [%clk 0:47:08] } axb5 { [%clk 0:16:05] } 44. Qc5?! { Inaccuracy. Qxb5 was best. } { [%clk 0:46:33] } Bf6 { [%clk 0:15:35] } 45. d5?! { Inaccuracy. a3 was best. } { [%clk 0:41:37] } Be5?? { Blunder. Ra8 was best. } { [%clk 0:13:23] } 46. Qe3 { [%clk 0:39:32] } Qf6 { [%clk 0:13:27] } 47. Qb3 { [%clk 0:39:11] } b4 { [%clk 0:13:10] } 48. Kb1 { [%clk 0:35:29] } Qd6?! { Inaccuracy. Rc8 was best. } { [%clk 0:12:06] } 49. Qc4 { [%clk 0:34:37] } Bf6 { [%clk 0:11:52] } 50. Qg4+ { [%clk 0:34:27] } Kh8 { [%clk 0:11:24] } 51. Qf5 { [%clk 0:34:13] } Kg8 { [%clk 0:11:11] } 52. Re1 { [%clk 0:32:32] } Qb6 { [%clk 0:10:26] } 53. Qc2 { [%clk 0:31:12] } Bg7?! { Inaccuracy. Rb8 was best. } { [%clk 0:09:48] } 54. Re4 { [%clk 0:30:55] } Qa6?! { Inaccuracy. Ra8 was best. } { [%clk 0:06:35] } 55. Qc4?! { Inaccuracy. Rxb4 was best. } { [%clk 0:30:16] } Qa7 { [%clk 0:06:52] } 56. Re2 { [%clk 0:29:58] } Qb8 { [%clk 0:05:49] } 57. Rc2?! { Inaccuracy. Re4 was best. } { [%clk 0:29:03] } Qe5? { Mistake. Re8 was best. } { [%clk 0:05:35] } 58. Qe4?! { Inaccuracy. Qxb4 was best. } { [%clk 0:28:38] } Qf6?! { Inaccuracy. Qb8 was best. } { [%clk 0:05:45] } 59. Bg4? { Mistake. Qxb4 was best. } { [%clk 0:27:50] } Qa6 { [%clk 0:05:33] } 60. Qc4 { [%clk 0:27:54] } Qa5?! { Inaccuracy. Qd6 was best. } { [%clk 0:05:26] } 61. Bf3 { [%clk 0:27:48] } Re8 { [%clk 0:05:09] } 62. Rc1 { [%clk 0:27:20] } Qa7 { [%clk 0:05:21] } 63. Qc5 { [%clk 0:26:47] } Qa6 { [%clk 0:04:40] } 64. Qc6?! { Inaccuracy. Qxb4 was best. } { [%clk 0:26:40] } Qd3+ { [%clk 0:05:09] } 65. Qc2 { [%clk 0:23:17] } Qd4? { Mistake. Qa6 was best. } { [%clk 0:05:21] } 66. Rd1 { [%clk 0:23:27] } Qf6 { [%clk 0:04:59] } 67. d6 { [%clk 0:23:45] } Rd8 { [%clk 0:05:19] } 68. d7 { [%clk 0:23:57] } Qe5 { [%clk 0:04:29] } 69. Bg4 { [%clk 0:23:39] } h5 { [%clk 0:04:11] } 70. Bf3 { [%clk 0:23:40] } Bf6 { [%clk 0:03:44] } 71. Qe2 { [%clk 0:23:49] } Qf5+ { [%clk 0:03:43] } 72. Qe4 { [%clk 0:23:45] } Qb5 { [%clk 0:03:40] } 73. Qd5 { [%clk 0:23:10] } Qb6 { [%clk 0:03:39] } 74. Rd2 { [%clk 0:21:53] } Bg7?! { Inaccuracy. Qe6 was best. } { [%clk 0:03:32] } 75. Bxh5 { [%clk 0:22:07] } Qf6 { [%clk 0:04:01] } 76. Bf3?! { Inaccuracy. Re2 was best. } { [%clk 0:21:45] } Qa6?! { Inaccuracy. Qg6+ was best. } { [%clk 0:03:36] } 77. Qd3?! { Inaccuracy. Re2 was best. } { [%clk 0:21:06] } Qf6?! { Inaccuracy. Qb6 was best. } { [%clk 0:03:46] } 78. Re2 { [%clk 0:21:18] } Bh6 { [%clk 0:02:59] } 79. Re8+ { [%clk 0:21:24] } Kg7 { [%clk 0:03:28] } 80. Rxd8 { [%clk 0:21:22] } Qxd8 { [%clk 0:03:36] } 81. Bg4 { [%clk 0:20:05] } Bg5 { [%clk 0:03:40] } 82. a3? { Mistake. Qd4+ was best. } { [%clk 0:19:35] } bxa3 { [%clk 0:03:35] } 83. Qxa3 { [%clk 0:19:48] } Bf6 { [%clk 0:03:22] } 84. Qc5? { Mistake. Qb4 was best. } { [%clk 0:18:38] } Qb8? { Mistake. Qa8 was best. } { [%clk 0:04:19] } 85. b4 { [%clk 0:17:41] } Qa8 { [%clk 0:03:56] } 86. Kc2?! { Inaccuracy. Qd6 was best. } { [%clk 0:16:05] } Qe4+?! { Inaccuracy. Qxg2 was best. } { [%clk 0:04:07] } 87. Kb3 { [%clk 0:15:59] } Qd3+ { [%clk 0:04:21] } 88. Ka4 { [%clk 0:15:55] } Qa6+ { [%clk 0:04:36] } 89. Qa5 { [%clk 0:15:57] } Qc6+ { [%clk 0:05:04] } 90. Qb5 { [%clk 0:16:10] } Qa8+?! { Inaccuracy. Qc2+ was best. } { [%clk 0:04:15] } 91. Kb3 { [%clk 0:16:26] } Qa1? { Mistake. Qxg2 was best. } { [%clk 0:04:30] } 92. Qd3 { [%clk 0:15:58] } Qb2+ { [%clk 0:04:42] } 93. Kc4 { [%clk 0:16:11] } Qc1+ { [%clk 0:04:33] } 94. Kb5 { [%clk 0:16:07] } Qc7 { [%clk 0:04:40] } 95. Qd5 { [%clk 0:16:13] } Qb8+ { [%clk 0:04:42] } 96. Kc5?? { Blunder. Ka6 was best. } { [%clk 0:14:55] } Qc7+?? { Blunder. Be7+ was best. } { [%clk 0:03:38] } 97. Qc6 { [%clk 0:14:26] } Qa7+ { [%clk 0:03:56] } 98. Kb5 { [%clk 0:13:09] } Qb8+?! { Inaccuracy. Bd8 was best. } { [%clk 0:04:11] } 99. Ka6 { [%clk 0:13:07] } Bd8?! { Inaccuracy. Bd4 was best. } { [%clk 0:03:56] } 100. b5 { [%clk 0:12:57] } Qe5 { [%clk 0:03:09] } 101. b6 { [%clk 0:12:40] } Qa1+ { [%clk 0:03:21] } 102. Kb7 { [%clk 0:13:02] } Qa5 { [%clk 0:03:20] } 103. Qd6 { [%clk 0:12:12] } Qc3 { [%clk 0:02:47] } 104. f4 { [%clk 0:11:26] } Qb3 { [%clk 0:02:30] } 105. f5 { [%clk 0:11:08] } Qb2 { [%clk 0:02:26] } 106. Bf3 { [%clk 0:11:09] } Qc2 { [%clk 0:02:00] } 107. Qd4+ { [%clk 0:11:12] } Kg8 { [%clk 0:01:43] } 108. f6 { [%clk 0:11:13] } Kf8?! { Checkmate is now unavoidable. Qg6 was best. } { [%clk 0:00:45] } 109. Qb4+ { [%clk 0:10:51] } Kg8 { [%clk 0:00:36] } 110. Qg4+ { [%clk 0:10:22] } Qg6 { [%clk 0:01:03] } 111. Qxg6+ { [%clk 0:10:28] } fxg6 { [%clk 0:01:30] } 112. Kc8 { [%clk 0:10:49] } Bxb6 { [%clk 0:01:10] } 113. Bd5+ { [%clk 0:10:59] } Kf8 { [%clk 0:02:04] } 114. d8=Q+ { [%clk 0:11:09] } Bxd8 { [%clk 0:02:32] } 115. Kxd8 { [%clk 0:11:24] } g5 { [%clk 0:02:59] } 116. f7 { [%clk 0:11:34] } g4 { [%clk 0:03:23] } 117. hxg4 { [%clk 0:11:51] } h3 { [%clk 0:03:50] } 118. gxh3 { [%clk 0:12:16] } Kg7 { [%clk 0:03:46] } 119. Ke8 { [%clk 0:12:16] } Kh7 { [%clk 0:03:46] } 120. f8=Q { [%clk 0:00:00] } Kg6 { [%clk 0:00:00] } 121. Qf1 { [%clk 0:00:00] } Kg7 { [%clk 0:00:00] } 122. Bh1 { [%clk 0:00:00] } Kh7 { [%clk 0:00:00] } 123. h4 { [%clk 0:00:00] } Kh6 { [%clk 0:00:00] } 124. Qf6+ { [%clk 0:00:00] } Kh7 { [%clk 0:00:00] } 125. Be4+ { [%clk 0:00:00] } Kg8 { [%clk 0:00:00] } 126. Qg6+ { [%clk 0:00:00] } Kh8 { [%clk 0:04:15] } 127. Qh7# { [%clk 0:00:00] }
23	1. d4 { [%eval 0.15] [%clk 1:25:24] } Nf6 { [%eval 0.15] [%clk 1:30:46] } 2. c4 { [%eval 0.16] [%clk 1:24:48] } e6 { [%eval 0.14] [%clk 1:30:51] } 3. g3 { [%eval 0.13] [%clk 1:24:46] } d5 { [%eval 0.2] [%clk 1:31:06] } 4. Nf3 { [%eval 0.16] [%clk 1:24:48] } dxc4 { [%eval 0.15] [%clk 1:31:18] } 5. Bg2 { [%eval 0.22] [%clk 1:24:37] } c5 { [%eval 0.18] [%clk 1:31:33] } 6. O-O { [%eval 0.13] [%clk 1:24:56] } Nc6 { [%eval 0.26] [%clk 1:31:49] } 7. Na3 { [%eval 0.0] [%clk 1:20:39] } cxd4 { [%eval 0.0] [%clk 1:31:19] } 8. Nxc4 { [%eval 0.0] [%clk 1:19:57] } Be7 { [%eval 0.28] [%clk 1:28:19] } 9. b3 { [%eval 0.27] [%clk 1:17:02] } O-O { [%eval 0.42] [%clk 1:27:56] } 10. Bb2 { [%eval 0.45] [%clk 1:15:38] } Nd5 { [%eval 0.98] [%clk 1:19:11] } 11. Nxd4 { [%eval 0.97] [%clk 1:13:09] } Nxd4 { [%eval 1.31] [%clk 1:18:56] } 12. Qxd4 { [%eval 1.24] [%clk 1:12:38] } Bf6 { [%eval 1.11] [%clk 1:18:55] } 13. Qd2 { [%eval 1.19] [%clk 1:11:58] } Bxb2 { [%eval 1.14] [%clk 1:17:57] } 14. Nxb2?! { [%eval 0.38] } { Inaccuracy. Qxb2 was best. } { [%clk 1:07:01] } b6 { [%eval 0.32] [%clk 1:12:03] } 15. Rfd1 { [%eval 0.37] [%clk 0:55:55] } Bb7 { [%eval 0.55] [%clk 1:11:54] } 16. Nc4 { [%eval 0.48] [%clk 0:51:43] } f5?! { [%eval 1.46] } { Inaccuracy. Qc7 was best. } { [%clk 1:03:14] } 17. Ne3 { [%eval 1.42] [%clk 0:45:40] } Qe7?! { [%eval 2.54] } { Inaccuracy. Rc8 was best. } { [%clk 0:48:56] } 18. Nxd5 { [%eval 2.5] [%clk 0:43:45] } Bxd5 { [%eval 2.59] [%clk 0:48:07] } 19. Bxd5 { [%eval 2.47] [%clk 0:43:25] } exd5 { [%eval 2.59] [%clk 0:48:16] } 20. Qxd5+ { [%eval 2.65] [%clk 0:42:32] } Kh8 { [%eval 2.55] [%clk 0:48:35] } 21. e3 { [%eval 2.55] [%clk 0:41:30] } h6 { [%eval 2.52] [%clk 0:46:18] } 22. Rac1 { [%eval 2.38] [%clk 0:39:44] } Qa3? { [%eval 4.08] } { Mistake. Rad8 was best. } { [%clk 0:43:52] } 23. Rc7 { [%eval 3.69] [%clk 0:23:02] } Rac8 { [%eval 3.95] [%clk 0:35:06] } 24. Rxc8 { [%eval 3.7] [%clk 0:13:57] } Rxc8 { [%eval 4.2] [%clk 0:35:27] } 25. Qxf5 { [%eval 4.22] [%clk 0:13:52] } Rc1 { [%eval 4.11] [%clk 0:35:48] } 26. Rxc1 { [%eval 3.94] [%clk 0:13:31] } Qxc1+ { [%eval 3.63] [%clk 0:36:09] } 27. Kg2 { [%eval 4.29] [%clk 0:13:50] } Qb2 { [%eval 4.31] [%clk 0:35:46] } 28. Qf8+ { [%eval 4.2] [%clk 0:13:09] } Kh7 { [%eval 3.98] [%clk 0:36:07] } 29. Qf5+ { [%eval 3.7] [%clk 0:13:35] } Kh8 { [%eval 4.32] [%clk 0:36:16] } 30. Qc8+ { [%eval 4.14] [%clk 0:13:26] } Kh7 { [%eval 4.16] [%clk 0:36:35] } 31. Qa6 { [%eval 4.25] [%clk 0:13:34] } Qc2 { [%eval 3.96] [%clk 0:35:33] } 32. Qa4 { [%eval 4.61] [%clk 0:11:14] } a5 { [%eval 4.78] [%clk 0:35:29] } 33. h4 { [%eval 4.69] [%clk 0:10:52] } Kh8 { [%eval 4.56] [%clk 0:29:36] } 34. Qd4 { [%eval 3.94] [%clk 0:09:34] }
24	1. e4 { [%eval 0.18] [%clk 1:29:39] } e5 { [%eval 0.22] [%clk 1:30:38] } 2. Nf3 { [%eval 0.18] [%clk 1:30:03] } Nc6 { [%eval 0.22] [%clk 1:30:58] } 3. Bb5 { [%eval 0.15] [%clk 1:30:30] } Nf6 { [%eval 0.17] [%clk 1:31:08] } 4. O-O { [%eval 0.11] [%clk 1:30:41] } Nxe4 { [%eval 0.14] [%clk 1:31:30] } 5. d4 { [%eval 0.14] [%clk 1:30:43] } Be7 { [%eval 0.35] [%clk 1:30:24] } 6. Qe2 { [%eval 0.34] [%clk 1:30:59] } Ng5?? { [%eval 2.77] } { Blunder. Nd6 was best. } { [%clk 1:29:43] } 7. Bxg5 { [%eval 2.9] [%clk 1:25:21] } Bxg5 { [%eval 3.14] [%clk 1:30:03] } 8. d5 { [%eval 2.91] [%clk 1:25:28] } Nb8? { [%eval 5.3] } { Mistake. Bf6 was best. } { [%clk 1:28:28] } 9. Qxe5+ { [%eval 5.14] [%clk 1:25:40] } Be7?! { [%eval 9.22] } { Inaccuracy. Qe7 was best. } { [%clk 1:28:48] } 10. Qxg7 { [%eval 9.06] [%clk 1:25:50] } Rf8 { [%eval 9.34] [%clk 1:29:07] } 11. Re1 { [%eval 8.15] [%clk 1:25:54] } c6? { [%eval #5] } { Checkmate is now unavoidable. Nc6 was best. } { [%clk 1:28:09] } 12. d6 { [%eval #4] [%clk 1:25:09] } cxb5 { [%eval #4] [%clk 1:27:28] } 13. dxe7 { [%eval #10] [%clk 1:25:31] } Qxe7 { [%eval #10] [%clk 1:27:39] } 14. Rxe7+ { [%eval #9] [%clk 1:25:57] } Kxe7 { [%eval #9] [%clk 1:27:48] } 15. Nc3 { [%eval #8] [%clk 1:26:25] }
25	1. d4 { [%eval 0.15] [%clk 1:28:09] } d5 { [%eval 0.27] [%clk 1:30:51] } 2. c4 { [%eval 0.22] [%clk 1:28:32] } c6 { [%eval 0.21] [%clk 1:31:15] } 3. Nf3 { [%eval 0.2] [%clk 1:28:43] } Nf6 { [%eval 0.24] [%clk 1:31:36] } 4. e3 { [%eval 0.15] [%clk 1:28:59] } e6 { [%eval 0.23] [%clk 1:31:47] } 5. Nbd2 { [%eval 0.2] [%clk 1:29:20] } Nbd7 { [%eval 0.23] [%clk 1:32:00] } 6. b3 { [%eval 0.21] [%clk 1:29:39] } c5 { [%eval 0.38] [%clk 1:28:02] } 7. cxd5 { [%eval 0.41] [%clk 1:26:10] } Nxd5 { [%eval 0.52] [%clk 1:27:30] } 8. Bb2 { [%eval 0.52] [%clk 1:22:44] } N5f6 { [%eval 0.77] [%clk 1:22:06] } 9. Bd3 { [%eval 0.44] [%clk 1:21:44] } Be7 { [%eval 0.55] [%clk 1:20:51] } 10. O-O { [%eval 0.47] [%clk 1:22:00] } O-O { [%eval 0.49] [%clk 1:20:55] } 11. Qe2 { [%eval 0.41] [%clk 1:21:41] } b6 { [%eval 0.41] [%clk 1:20:41] } 12. Rfd1 { [%eval 0.39] [%clk 1:21:04] } cxd4 { [%eval 0.5] [%clk 1:20:16] } 13. Nxd4 { [%eval 0.65] [%clk 1:20:30] } Bb7 { [%eval 0.59] [%clk 1:19:52] } 14. N2f3 { [%eval 0.59] [%clk 1:14:55] } Nc5 { [%eval 0.59] [%clk 1:17:30] } 15. Bb5 { [%eval 0.54] [%clk 1:12:04] } Qb8?? { [%eval 2.37] } { Blunder. Qc7 was best. } { [%clk 1:13:46] } 16. Nc6 { [%eval 2.36] [%clk 1:11:43] } Qe8 { [%eval 2.36] [%clk 1:11:40] } 17. Nxa7 { [%eval 2.32] [%clk 1:09:36] } Ba6 { [%eval 2.19] [%clk 1:09:53] } 18. Bxa6 { [%eval 2.23] [%clk 1:07:27] } Rxa7 { [%eval 2.75] [%clk 1:09:14] } 19. Bc4 { [%eval 2.32] [%clk 1:05:31] } Qa8 { [%eval 2.26] [%clk 1:08:25] } 20. a4 { [%eval 2.19] [%clk 1:05:46] } Qe4 { [%eval 2.6] [%clk 1:06:08] } 21. Nd4 { [%eval 2.57] [%clk 1:03:37] } Rc8 { [%eval 2.48] [%clk 1:01:00] } 22. Nb5 { [%eval 2.26] [%clk 1:00:34] } Raa8 { [%eval 2.85] [%clk 1:00:29] } 23. Rac1 { [%eval 2.41] [%clk 0:55:21] } Rd8 { [%eval 2.41] [%clk 0:55:32] } 24. Rd4 { [%eval 2.34] [%clk 0:51:37] } Rxd4 { [%eval 2.25] [%clk 0:54:15] } 25. Nxd4 { [%eval 2.25] [%clk 0:50:36] } Bd6 { [%eval 2.38] [%clk 0:52:39] } 26. Qf3 { [%eval 2.41] [%clk 0:47:59] } Be5 { [%eval 2.58] [%clk 0:50:23] } 27. Qxe4 { [%eval 2.49] [%clk 0:46:35] } Nfxe4 { [%eval 2.57] [%clk 0:50:26] } 28. Ba3 { [%eval 2.06] [%clk 0:44:52] } Rc8? { [%eval 3.67] } { Mistake. Bd6 was best. } { [%clk 0:49:14] } 29. Nf3?! { [%eval 2.48] } { Inaccuracy. Bb5 was best. } { [%clk 0:35:42] } Bf6 { [%eval 2.51] [%clk 0:44:26] } 30. Kf1 { [%eval 2.35] [%clk 0:25:40] } h5 { [%eval 2.6] [%clk 0:42:36] } 31. Bxc5?! { [%eval 1.73] } { Inaccuracy. Rc2 was best. } { [%clk 0:20:34] } Rxc5 { [%eval 1.66] [%clk 0:40:07] } 32. Rd1?! { [%eval 0.99] } { Inaccuracy. Rc2 was best. } { [%clk 0:20:23] } Nc3 { [%eval 0.9] [%clk 0:40:08] } 33. Rc1 { [%eval 0.92] [%clk 0:19:55] } Ne4?! { [%eval 1.65] } { Inaccuracy. b5 was best. } { [%clk 0:38:43] } 34. Rc2 { [%eval 1.77] [%clk 0:20:05] } Kf8 { [%eval 2.27] [%clk 0:38:34] } 35. Bd3?! { [%eval 1.54] } { Inaccuracy. b4 was best. } { [%clk 0:19:33] } Rxc2 { [%eval 1.72] [%clk 0:38:56] } 36. Bxc2 { [%eval 1.66] [%clk 0:19:57] } Nc3 { [%eval 1.67] [%clk 0:38:59] } 37. b4 { [%eval 1.59] [%clk 0:17:41] } b5?? { [%eval 3.89] } { Blunder. Nd5 was best. } { [%clk 0:37:33] } 38. a5 { [%eval 3.78] [%clk 0:16:24] } Bd8 { [%eval 3.93] [%clk 0:33:40] } 39. Nd4 { [%eval 3.86] [%clk 0:16:13] } Ke8 { [%eval 4.05] [%clk 0:32:23] } 40. a6?! { [%eval 2.96] } { Inaccuracy. Bd3 was best. } { [%clk 0:15:23] } Bb6 { [%eval 2.97] [%clk 0:32:43] } 41. Nc6 { [%eval 2.94] [%clk 0:15:40] } Nd5?! { [%eval 3.85] } { Inaccuracy. Kd7 was best. } { [%clk 0:32:46] } 42. a7 { [%eval 3.88] [%clk 0:14:47] } Nc7 { [%eval 3.85] [%clk 0:33:09] } 43. Bd3 { [%eval 4.22] [%clk 0:14:21] } Kd7 { [%eval 4.19] [%clk 0:31:44] } 44. Bxb5 { [%eval 4.01] [%clk 0:14:37] } Kd6 { [%eval 4.1] [%clk 0:32:04] } 45. Ke2 { [%eval 3.97] [%clk 0:14:28] } e5 { [%eval 4.22] [%clk 0:31:33] } 46. Kd3 { [%eval 4.19] [%clk 0:11:45] } f5 { [%eval 4.09] [%clk 0:31:30] } 47. f3 { [%eval 4.02] [%clk 0:10:40] } g5 { [%eval 4.12] [%clk 0:30:57] } 48. Ba4 { [%eval 4.19] [%clk 0:10:23] } h4 { [%eval 4.09] [%clk 0:30:00] } 49. Bb5 { [%eval 3.96] [%clk 0:09:50] } Na8 { [%eval 3.94] [%clk 0:26:26] } 50. g3 { [%eval 3.28] [%clk 0:09:06] } hxg3?! { [%eval 4.35] } { Inaccuracy. h3 was best. } { [%clk 0:26:16] } 51. hxg3 { [%eval 4.38] [%clk 0:09:30] } Nc7 { [%eval 4.48] [%clk 0:26:31] } 52. Ba4 { [%eval 4.17] [%clk 0:09:32] } Na8 { [%eval 4.69] [%clk 0:26:36] } 53. e4 { [%eval 4.51] [%clk 0:06:13] } f4 { [%eval 4.7] [%clk 0:26:05] } 54. gxf4 { [%eval 4.78] [%clk 0:04:37] } gxf4 { [%eval 4.53] [%clk 0:26:26] } 55. Ke2 { [%eval 4.3] [%clk 0:04:48] } Be3 { [%eval 4.75] [%clk 0:23:19] } 56. Kf1 { [%eval 4.68] [%clk 0:04:51] } Kc7 { [%eval 4.58] [%clk 0:23:23] } 57. Kg2 { [%eval 4.46] [%clk 0:04:54] } Kb7 { [%eval 4.34] [%clk 0:23:13] } 58. Kh3 { [%eval 4.21] [%clk 0:04:47] } Bxa7?! { [%eval 5.78] } { Inaccuracy. Nb6 was best. } { [%clk 0:23:05] } 59. Nxa7 { [%eval 5.99] [%clk 0:05:11] } Kxa7 { [%eval 5.95] [%clk 0:23:30] } 60. Kg4 { [%eval 5.37] [%clk 0:05:24] }
26	1. c4 { [%eval 0.11] [%clk 1:30:51] } e6 { [%eval 0.25] [%clk 1:30:47] } 2. g3 { [%eval 0.14] [%clk 1:31:03] } d5 { [%eval 0.09] [%clk 1:30:58] } 3. Bg2 { [%eval 0.16] [%clk 1:31:22] } Nf6 { [%eval 0.14] [%clk 1:31:15] } 4. Nf3 { [%eval 0.12] [%clk 1:31:43] } dxc4 { [%eval 0.1] [%clk 1:30:55] } 5. Qa4+ { [%eval 0.12] [%clk 1:32:05] } c6 { [%eval 0.18] [%clk 1:31:12] } 6. Qxc4 { [%eval 0.19] [%clk 1:32:30] } b5 { [%eval 0.18] [%clk 1:31:29] } 7. Qb3 { [%eval 0.22] [%clk 1:31:10] } Bb7 { [%eval 0.17] [%clk 1:30:16] } 8. O-O { [%eval 0.26] [%clk 1:31:28] } Nbd7 { [%eval 0.24] [%clk 1:28:21] } 9. d4 { [%eval 0.28] [%clk 1:31:35] } Be7 { [%eval 0.3] [%clk 1:27:37] } 10. Rd1 { [%eval 0.2] [%clk 1:29:27] } O-O { [%eval 0.26] [%clk 1:22:30] } 11. Ne5 { [%eval 0.23] [%clk 0:55:14] } Nxe5 { [%eval 0.32] [%clk 1:14:42] } 12. dxe5 { [%eval 0.43] [%clk 0:55:04] } Nd7 { [%eval 0.45] [%clk 1:15:03] } 13. Bf4 { [%eval 0.27] [%clk 0:53:38] } Qc7 { [%eval 0.33] [%clk 1:13:54] } 14. Qc3?! { [%eval -0.32] } { Inaccuracy. Nd2 was best. } { [%clk 0:45:32] } c5 { [%eval -0.41] [%clk 1:10:22] } 15. Bxb7 { [%eval -0.39] [%clk 0:44:23] } Qxb7 { [%eval -0.34] [%clk 1:10:38] } 16. Nd2 { [%eval -0.37] [%clk 0:44:19] } Rfd8 { [%eval -0.38] [%clk 1:08:45] } 17. a4?! { [%eval -1.27] } { Inaccuracy. Qe3 was best. } { [%clk 0:42:14] } a6?! { [%eval -0.28] } { Inaccuracy. g5 was best. } { [%clk 1:00:23] } 18. Qc2 { [%eval -0.38] [%clk 0:41:11] } Nb6 { [%eval -0.42] [%clk 0:53:27] } 19. axb5 { [%eval -0.33] [%clk 0:39:57] } axb5 { [%eval -0.3] [%clk 0:53:41] } 20. Ne4 { [%eval -0.38] [%clk 0:39:44] } Rxa1 { [%eval 0.0] [%clk 0:49:43] } 21. Rxa1 { [%eval -0.02] [%clk 0:40:08] } Nd5 { [%eval 0.0] [%clk 0:46:35] } 22. Bg5 { [%eval -0.16] [%clk 0:36:33] } Nb4 { [%eval 0.01] [%clk 0:35:47] } 23. Qb1 { [%eval 0.0] [%clk 0:36:48] } h6 { [%eval 0.18] [%clk 0:34:55] } 24. Nd6?? { [%eval -2.63] } { Blunder. Nxc5 was best. } { [%clk 0:32:35] } Rxd6 { [%eval -2.54] [%clk 0:27:24] } 25. Bxe7?! { [%eval -3.91] } { Inaccuracy. exd6 was best. } { [%clk 0:26:43] } Rd5?! { [%eval -2.76] } { Inaccuracy. Rd2 was best. } { [%clk 0:27:24] } 26. Bd6 { [%eval -2.61] [%clk 0:26:55] } Nc6? { [%eval -1.08] } { Mistake. Rd2 was best. } { [%clk 0:23:36] } 27. Qe4?! { [%eval -1.97] } { Inaccuracy. Qa2 was best. } { [%clk 0:18:43] } Nxe5 { [%eval -1.86] [%clk 0:22:29] } 28. Qf4?? { [%eval -4.4] } { Blunder. f3 was best. } { [%clk 0:16:22] } Ng6?! { [%eval -2.94] } { Inaccuracy. Nc6 was best. } { [%clk 0:18:25] } 29. Qf3 { [%eval -3.23] [%clk 0:15:05] } Qd7 { [%eval -3.17] [%clk 0:18:28] } 30. Bb8 { [%eval -3.03] [%clk 0:07:36] } Rd1+ { [%eval -3.0] [%clk 0:17:53] } 31. Rxd1 { [%eval -2.86] [%clk 0:07:59] } Qxd1+ { [%eval -3.12] [%clk 0:18:19] } 32. Kg2 { [%eval -2.94] [%clk 0:08:22] } Qd4 { [%eval -2.5] [%clk 0:15:23] } 33. Qa3?! { [%eval -3.96] } { Inaccuracy. Qa8 was best. } { [%clk 0:02:25] } b4 { [%eval -3.87] [%clk 0:14:31] } 34. Qa8 { [%eval -4.05] [%clk 0:02:35] } Kh7 { [%eval -3.9] [%clk 0:14:21] } 35. Ba7 { [%eval -4.72] [%clk 0:01:03] } Qxb2 { [%eval -4.67] [%clk 0:11:12] } 36. Bxc5 { [%eval -4.54] [%clk 0:01:27] } b3 { [%eval -4.77] [%clk 0:11:20] } 37. Qb7 { [%eval -4.68] [%clk 0:00:45] } Qc2 { [%eval -4.62] [%clk 0:07:32] } 38. Ba3?! { [%eval -6.08] } { Inaccuracy. Bd4 was best. } { [%clk 0:00:57] } Ne5 { [%eval -5.71] [%clk 0:07:37] } 39. h4 { [%eval -5.19] [%clk 0:00:38] } Qc6+ { [%eval -5.25] [%clk 0:06:21] } 40. Qxc6 { [%eval -4.94] [%clk 0:00:55] } Nxc6 { [%eval -4.93] [%clk 0:06:46] } 41. Bc1 { [%eval -4.94] [%clk 0:00:40] }
27	1. Nf3 { [%clk 1:29:21] } Nf6 { [%clk 1:29:15] } 2. c4 { [%clk 1:29:43] } e6 { [%clk 1:28:57] } 3. g3 { [%clk 1:30:02] } g6 { [%clk 1:28:39] } 4. Bg2 { [%clk 1:30:19] } Bg7 { [%clk 1:28:32] } 5. O-O { [%clk 1:30:36] } O-O { [%clk 1:28:12] } 6. d4 { [%clk 1:30:57] } d5 { [%clk 1:26:32] } 7. Qc2 { [%clk 1:30:48] } b6 { [%clk 1:24:43] } 8. cxd5 { [%clk 1:30:41] } exd5 { [%clk 1:25:00] } 9. Bf4 { [%clk 1:31:00] } c6 { [%clk 1:21:21] } 10. Bxb8 { [%clk 1:28:59] } Rxb8 { [%clk 1:20:46] } 11. Qxc6 { [%clk 1:29:27] } Bb7 { [%clk 1:20:47] } 12. Qc2 { [%clk 1:29:38] } Qe7 { [%clk 1:19:52] } 13. Nc3 { [%clk 1:29:57] } Ne4 { [%clk 1:19:49] } 14. Rac1 { [%clk 1:28:24] } Rbc8 { [%clk 1:19:57] } 15. e3 { [%clk 1:26:01] } Rfd8 { [%clk 1:19:09] } 16. Qb3 { [%clk 1:26:06] } Kh8 { [%clk 1:18:56] } 17. Rc2 { [%clk 1:25:35] } Ba6 { [%clk 1:18:38] } 18. Rfc1 { [%clk 1:14:41] } Bc4 { [%clk 1:14:43] } 19. Qa4 { [%clk 1:14:56] } Nxc3 { [%clk 1:14:44] } 20. Rxc3 { [%clk 1:14:54] } Qb7 { [%clk 1:14:14] } 21. Nd2 { [%clk 1:12:13] } b5 { [%clk 1:11:41] } 22. Qa5 { [%clk 1:11:39] } b4 { [%clk 1:10:48] } 23. Rxc4 { [%clk 1:11:55] } Qd7 { [%clk 1:10:32] } 24. Rc7 { [%clk 1:11:56] } Rxc7 { [%clk 1:10:37] } 25. Rxc7 { [%clk 1:12:24] } Qf5 { [%clk 1:10:50] } 26. Rxf7 { [%clk 1:12:12] } Qxf7 { [%clk 1:11:07] } 27. Qxd8+ { [%clk 1:12:37] } Bf8 { [%clk 1:11:25] } 28. Bxd5 { [%clk 1:12:56] } Qg7 { [%clk 1:11:36] } 29. Ne4 { [%clk 1:13:17] } h6 { [%clk 1:11:48] } 30. Nc5 { [%clk 1:13:30] } Qe7 { [%clk 1:11:58] } 31. Qa8 { [%clk 1:13:46] } Kg7 { [%clk 1:12:04] } 32. Ne6+ { [%clk 1:14:14] } Kf6 { [%clk 1:12:22] } 33. Nxf8 { [%clk 1:14:19] } Kg7 { [%clk 1:12:38] } 34. Ne6+ { [%clk 1:14:41] } Kh7 { [%clk 1:12:56] } 35. h4 { [%clk 1:14:41] } h5 { [%clk 1:13:12] } 36. Ng5+ { [%clk 1:15:04] } Kg7 { [%clk 1:13:34] } 37. Qg8+ { [%clk 1:15:26] } Kf6 { [%clk 1:13:56] } 38. Nh7+ { [%clk 1:15:37] } Kf5 { [%clk 1:14:15] } 39. e4+ { [%clk 1:15:38] } Kg4 { [%clk 1:14:37] } 40. Kg2 { [%clk 1:15:50] } b3 { [%clk 1:14:36] } 41. f3# { [%clk 1:16:10] }
28	1. e4 { [%clk 1:30:48] } c5 { [%clk 1:18:39] } 2. Nf3 { [%clk 1:30:25] } Nc6 { [%clk 1:18:46] } 3. d3 { [%clk 1:30:42] } g6 { [%clk 1:18:28] } 4. g3 { [%clk 1:31:06] } Bg7 { [%clk 1:18:54] } 5. Bg2 { [%clk 1:31:28] } Nf6 { [%clk 1:19:18] } 6. O-O { [%clk 1:31:46] } O-O { [%clk 1:19:41] } 7. Nbd2 { [%clk 1:32:04] } d5 { [%clk 1:19:49] } 8. Re1 { [%clk 1:31:21] } e5 { [%clk 1:19:26] } 9. c3 { [%clk 1:27:01] } Re8 { [%clk 1:19:22] } 10. Qc2 { [%clk 1:21:44] } h6 { [%clk 1:19:39] } 11. h4 { [%clk 1:17:46] } Be6 { [%clk 1:16:30] } 12. exd5 { [%clk 0:59:59] } Bxd5 { [%clk 1:16:16] } 13. Ne4 { [%clk 0:59:39] } c4 { [%clk 1:15:57] } 14. Nxf6+ { [%clk 0:57:57] } Qxf6 { [%clk 1:16:14] } 15. Nd2 { [%clk 0:57:01] } Bxg2 { [%clk 1:15:56] } 16. Kxg2 { [%clk 0:57:26] } cxd3 { [%clk 1:16:19] } 17. Qxd3 { [%clk 0:57:42] } Rad8 { [%clk 1:16:29] } 18. Qb5 { [%clk 0:56:09] } b6 { [%clk 0:54:39] } 19. Ne4 { [%clk 0:45:21] } Qe6 { [%clk 0:55:01] } 20. Qb3 { [%clk 0:45:15] } Qc8 { [%clk 0:41:46] } 21. Be3 { [%clk 0:42:15] } Na5 { [%clk 0:41:15] } 22. Qa4 { [%clk 0:42:18] } f5 { [%clk 0:40:25] } 23. Nd2 { [%clk 0:40:27] } f4 { [%clk 0:39:42] } 24. gxf4 { [%clk 0:40:37] } Qg4+ { [%clk 0:37:23] } 25. Kf1 { [%clk 0:40:55] } Qxh4 { [%clk 0:20:55] } 26. Qe4 { [%clk 0:38:22] } exf4 { [%clk 0:19:50] } 27. Qxf4 { [%clk 0:38:46] } Qh1+ { [%clk 0:20:05] } 28. Ke2 { [%clk 0:39:11] } Qh5+ { [%clk 0:20:29] } 29. Kf1 { [%clk 0:39:15] } Rxd2 { [%clk 0:20:45] }
29	1. e4 { [%eval 0.18] [%clk 1:30:32] } e5 { [%eval 0.22] [%clk 1:30:44] } 2. Nc3 { [%eval 0.08] [%clk 1:30:00] } Nc6 { [%eval 0.07] [%clk 1:30:00] } 3. Nf3 { [%eval 0.06] [%clk 1:26:12] } Nf6 { [%eval 0.07] [%clk 1:28:23] } 4. a3 { [%eval 0.0] [%clk 1:26:41] } d6 { [%eval 0.33] [%clk 1:25:31] } 5. d4 { [%eval 0.29] [%clk 1:25:26] } exd4 { [%eval 0.4] [%clk 1:20:28] } 6. Nxd4 { [%eval 0.35] [%clk 1:25:45] } Bd7 { [%eval 0.63] [%clk 1:19:53] } 7. Be2 { [%eval 0.47] [%clk 1:23:38] } g6 { [%eval 0.54] [%clk 1:14:05] } 8. Be3 { [%eval 0.53] [%clk 1:20:25] } Bg7 { [%eval 0.63] [%clk 1:14:07] } 9. O-O { [%eval 0.43] [%clk 1:12:21] } O-O { [%eval 0.4] [%clk 1:13:34] } 10. Nb3 { [%eval 0.0] [%clk 1:08:06] } Be6 { [%eval 0.0] [%clk 1:11:40] } 11. f4?! { [%eval -0.6] } { Inaccuracy. Qd2 was best. } { [%clk 1:06:00] } Re8 { [%eval -0.48] [%clk 1:06:16] } 12. Bf3 { [%eval -0.55] [%clk 1:06:17] } Bxb3 { [%eval -0.53] [%clk 0:59:15] } 13. cxb3 { [%eval -0.57] [%clk 1:06:44] } h6?? { [%eval 1.3] } { Blunder. Nxe4 was best. } { [%clk 0:45:55] } 14. Qd3 { [%eval 1.35] [%clk 1:03:42] } a6 { [%eval 1.59] [%clk 0:43:44] } 15. Rad1 { [%eval 1.43] [%clk 1:03:27] } Qe7 { [%eval 1.52] [%clk 0:42:39] } 16. Rfe1 { [%eval 1.48] [%clk 1:03:08] } Rad8 { [%eval 1.56] [%clk 0:40:01] } 17. h3 { [%eval 1.38] [%clk 1:03:10] } Qe6 { [%eval 1.54] [%clk 0:37:12] } 18. b4 { [%eval 1.49] [%clk 1:01:52] } Qb3 { [%eval 1.56] [%clk 0:35:44] } 19. Re2 { [%eval 1.62] [%clk 0:59:05] } Ne7 { [%eval 1.77] [%clk 0:26:55] } 20. e5 { [%eval 1.87] [%clk 0:50:42] } dxe5 { [%eval 1.94] [%clk 0:20:26] } 21. Qxd8 { [%eval 2.08] [%clk 0:50:56] } Rxd8 { [%eval 2.06] [%clk 0:20:32] } 22. Rxd8+ { [%eval 2.07] [%clk 0:51:16] } Kh7 { [%eval 1.93] [%clk 0:20:50] } 23. fxe5 { [%eval 1.89] [%clk 0:51:28] } Nfg8 { [%eval 1.78] [%clk 0:18:10] } 24. Bxb7?! { [%eval 1.12] } { Inaccuracy. Bc5 was best. } { [%clk 0:45:18] } Qc4? { [%eval 2.52] } { Mistake. Bxe5 was best. } { [%clk 0:17:12] } 25. Bc5 { [%eval 2.42] [%clk 0:44:17] } Nf5 { [%eval 2.94] [%clk 0:15:54] } 26. Bd5 { [%eval 2.56] [%clk 0:40:49] } Qf4 { [%eval 2.6] [%clk 0:14:26] } 27. Bxf7 { [%eval 2.61] [%clk 0:38:35] } Nge7 { [%eval 2.53] [%clk 0:12:37] } 28. Bxe7?! { [%eval 1.84] } { Inaccuracy. Nd5 was best. } { [%clk 0:24:56] } Nxe7 { [%eval 1.84] [%clk 0:12:19] } 29. Rf2?? { [%eval 0.0] } { Blunder. Nd5 was best. } { [%clk 0:14:22] } Qxe5 { [%eval 0.0] [%clk 0:07:25] } 30. Re2 { [%eval 0.0] [%clk 0:14:40] } Qf6?? { [%eval 3.17] } { Blunder. Qg5 was best. } { [%clk 0:07:31] } 31. Re8?! { [%eval 1.94] } { Inaccuracy. Rd7 was best. } { [%clk 0:13:27] } Qd4+? { [%eval 3.45] } { Mistake. Nf5 was best. } { [%clk 0:06:26] } 32. Kh1 { [%eval 3.31] [%clk 0:13:39] } Nf5 { [%eval 3.32] [%clk 0:06:42] } 33. Bg8+ { [%eval 3.27] [%clk 0:14:04] } Kh8 { [%eval 3.6] [%clk 0:06:48] } 34. Be6+ { [%eval 3.71] [%clk 0:14:15] } Kh7 { [%eval 3.28] [%clk 0:07:12] } 35. Bxf5 { [%eval 3.31] [%clk 0:14:27] } gxf5 { [%eval 3.13] [%clk 0:07:30] } 36. R8e7 { [%eval 2.92] [%clk 0:14:09] } Qf4 { [%eval 2.91] [%clk 0:06:01] } 37. Re1 { [%eval 2.75] [%clk 0:13:39] } c6? { [%eval 4.44] } { Mistake. Qf2 was best. } { [%clk 0:04:52] } 38. R7e3? { [%eval 2.41] } { Mistake. Rd1 was best. } { [%clk 0:12:36] } Qf2 { [%eval 2.62] [%clk 0:04:12] } 39. R3e2 { [%eval 2.4] [%clk 0:12:28] } Qg3 { [%eval 2.36] [%clk 0:03:42] } 40. Nd1 { [%eval 2.2] [%clk 0:10:05] } f4 { [%eval 2.21] [%clk 0:03:44] } 41. Rf1 { [%eval 2.3] [%clk 0:10:21] } Qd3 { [%eval 2.3] [%clk 0:02:50] } 42. Ref2 { [%eval 2.38] [%clk 0:10:29] } Be5 { [%eval 2.2] [%clk 0:03:02] } 43. Nc3 { [%eval 2.17] [%clk 0:10:30] } Qg3?! { [%eval 3.26] } { Inaccuracy. Bb8 was best. } { [%clk 0:03:14] } 44. Ne2 { [%eval 2.8] [%clk 0:10:52] } Qe3 { [%eval 3.24] [%clk 0:02:50] } 45. Nxf4 { [%eval 3.07] [%clk 0:11:15] } Bxf4?! { [%eval 4.44] } { Inaccuracy. Qe4 was best. } { [%clk 0:02:59] } 46. Rxf4 { [%eval 4.47] [%clk 0:11:43] } Kg6?! { [%eval 6.42] } { Inaccuracy. Qe2 was best. } { [%clk 0:02:21] } 47. Rf6+ { [%eval 6.66] [%clk 0:11:42] } Kg7 { [%eval 6.09] [%clk 0:02:33] } 48. Rxc6 { [%eval 5.85] [%clk 0:11:58] } Qe2 { [%eval 6.15] [%clk 0:02:32] } 49. Rcf6 { [%eval 5.85] [%clk 0:12:26] } Qb5 { [%eval 5.98] [%clk 0:02:23] } 50. Rf7+ { [%eval 5.91] [%clk 0:12:32] } Kg8 { [%eval 5.53] [%clk 0:02:33] } 51. R1f2 { [%eval 5.85] [%clk 0:12:48] } Qd5 { [%eval 5.79] [%clk 0:02:35] } 52. R7f3 { [%eval 5.65] [%clk 0:12:23] } Qd1+ { [%eval 5.55] [%clk 0:02:41] } 53. Rf1 { [%eval 4.9] [%clk 0:12:34] } Qd6?! { [%eval 8.46] } { Inaccuracy. Qe2 was best. } { [%clk 0:02:48] } 54. Rf8+ { [%eval 8.44] [%clk 0:12:53] } Kg7 { [%eval 7.41] [%clk 0:03:01] } 55. R1f7+ { [%eval 8.34] [%clk 0:13:22] } Kg6 { [%eval 8.33] [%clk 0:03:22] } 56. Rf6+ { [%eval 8.3] [%clk 0:13:47] } Qxf6 { [%eval 8.07] [%clk 0:03:43] } 57. Rxf6+ { [%eval 8.29] [%clk 0:14:15] } Kxf6 { [%eval 8.29] [%clk 0:04:01] } 58. g4 { [%eval 8.27] [%clk 0:14:42] } Kg5 { [%eval 8.06] [%clk 0:04:14] } 59. a4 { [%eval 8.69] [%clk 0:15:11] } Kf6? { [%eval #23] } { Checkmate is now unavoidable. Kf4 was best. } { [%clk 0:04:26] } 60. b5 { [%eval 72.46] [%clk 0:15:40] } axb5 { [%eval 81.15] [%clk 0:04:23] } 61. a5 { [%eval #16] [%clk 0:16:09] } Kg5 { [%eval #16] [%clk 0:03:43] } 62. a6 { [%eval #17] [%clk 0:16:33] } Kh4 { [%eval 81.15] [%clk 0:04:06] } 63. Kg2 { [%eval 13.8] [%clk 0:17:00] } b4?! { [%eval #9] } { Checkmate is now unavoidable. h5 was best. } { [%clk 0:04:12] } 64. a7 { [%eval #8] [%clk 0:17:28] } b3 { [%eval #7] [%clk 0:04:28] } 65. a8=Q { [%eval #6] [%clk 0:17:55] } Kg5 { [%eval #6] [%clk 0:04:42] } 66. Qe4 { [%eval #7] [%clk 0:18:18] } Kh4 { [%eval #1] [%clk 0:04:55] } 67. Qf5 { [%eval #1] [%clk 0:18:41] } h5 { [%eval #1] [%clk 0:05:08] } 68. Qxh5# { [%clk 0:19:09] }
30	1. d4 { [%clk 1:30:55] } Nf6 { [%clk 1:26:32] } 2. c4 { [%clk 1:31:19] } e6 { [%clk 1:26:59] } 3. Nc3 { [%clk 1:31:43] } d5 { [%clk 1:27:26] } 4. Bg5 { [%clk 1:32:06] } Nbd7 { [%clk 1:27:10] } 5. e3 { [%clk 1:32:24] } Be7 { [%clk 1:27:28] } 6. Nf3 { [%clk 1:32:46] } h6 { [%clk 1:27:44] } 7. Bh4 { [%clk 1:33:12] } O-O { [%clk 1:26:46] } 8. Bd3 { [%clk 1:32:56] } b6 { [%clk 1:26:54] } 9. cxd5 { [%clk 1:33:02] } exd5 { [%clk 1:26:50] } 10. O-O { [%clk 1:33:10] } Bb7 { [%clk 1:27:06] } 11. Rc1 { [%clk 1:32:23] } c5 { [%clk 1:27:07] } 12. Re1 { [%clk 1:29:10] } Ne4 { [%clk 1:26:38] } 13. Bxe7 { [%clk 1:29:06] } Qxe7 { [%clk 1:27:02] } 14. Qe2 { [%clk 1:25:29] } Nxc3 { [%clk 1:25:07] } 15. Rxc3 { [%clk 1:25:15] } c4 { [%clk 1:25:23] } 16. Bb1 { [%clk 1:25:07] } f5 { [%clk 1:25:35] } 17. Qd2 { [%clk 1:22:48] } b5 { [%clk 1:25:47] } 18. a3 { [%clk 1:20:10] } a5 { [%clk 1:26:09] } 19. Rcc1 { [%clk 1:16:40] } b4 { [%clk 1:26:19] } 20. axb4 { [%clk 1:16:23] } axb4 { [%clk 1:26:43] } 21. h3 { [%clk 1:15:03] } b3 { [%clk 1:23:40] } 22. Qc3 { [%clk 1:13:37] } Rae8 { [%clk 1:11:30] } 23. g3 { [%clk 1:11:15] } Qd6 { [%clk 1:10:58] } 24. Nh4 { [%clk 1:10:15] } g6 { [%clk 1:10:38] } 25. Kg2 { [%clk 1:07:28] } Qe6 { [%clk 1:09:01] } 26. Nf3 { [%clk 1:06:06] } Qd6 { [%clk 1:03:30] } 27. Nh4 { [%clk 1:03:24] } Rb8 { [%clk 0:58:43] } 28. g4 { [%clk 0:59:57] } Qf6 { [%clk 0:56:40] } 29. Nxf5 { [%clk 0:53:37] } gxf5 { [%clk 0:56:59] } 30. Bxf5 { [%clk 0:54:01] } Nb6 { [%clk 0:57:17] } 31. f4 { [%clk 0:52:32] } Bc8 { [%clk 0:57:26] } 32. Bxc8 { [%clk 0:52:38] } Rbxc8 { [%clk 0:57:46] } 33. Rh1 { [%clk 0:52:05] } Qe6 { [%clk 0:58:15] } 34. Qd2 { [%clk 0:50:33] } Qe4+ { [%clk 0:58:44] } 35. Kh2 { [%clk 0:50:43] } c3 { [%clk 0:58:22] } 36. Rxc3 { [%clk 0:49:15] } Rxc3 { [%clk 0:58:47] } 37. bxc3 { [%clk 0:49:24] } Nc4 { [%clk 0:59:15] } 38. Qf2 { [%clk 0:49:24] } b2 { [%clk 0:59:43] } 39. Qg1 { [%clk 0:48:43] } Nxe3 { [%clk 1:00:08] } 40. g5 { [%clk 0:48:17] } Qxf4+ { [%clk 1:00:30] } 41. Qg3 { [%clk 0:48:38] } Qxg3+ { [%clk 1:00:57] } 42. Kxg3 { [%clk 0:48:59] } Nf1+ { [%clk 1:01:26] } 43. Kg2 { [%clk 0:49:17] } b1=Q { [%clk 1:01:53] } 44. gxh6 { [%clk 0:49:33] } Qg6# { [%clk 1:02:22] }
31	1. e4 { [%clk 1:30:53] } c5 { [%clk 1:30:55] } 2. Nf3 { [%clk 1:31:18] } Nc6 { [%clk 1:31:11] } 3. Bb5 { [%clk 1:31:08] } d6 { [%clk 1:31:30] } 4. O-O { [%clk 1:31:19] } Nf6 { [%clk 1:30:58] } 5. e5 { [%clk 1:30:53] } dxe5 { [%clk 1:30:54] } 6. Nxe5 { [%clk 1:31:21] } Qc7 { [%clk 1:31:13] } 7. Nxc6 { [%clk 1:30:29] } bxc6 { [%clk 1:31:40] } 8. Qf3 { [%clk 1:30:54] } Bb7 { [%clk 1:31:52] } 9. Bc4 { [%clk 1:31:09] } e6 { [%clk 1:32:18] } 10. d3 { [%clk 1:31:15] } Be7 { [%clk 1:32:43] } 11. Nc3 { [%clk 1:31:28] } Nd5 { [%clk 1:33:05] } 12. Ne4 { [%clk 1:31:27] } O-O { [%clk 1:33:08] } 13. Bg5 { [%clk 1:31:23] } Bxg5 { [%clk 1:32:51] } 14. Nxg5 { [%clk 1:31:50] } h6 { [%clk 1:33:04] } 15. Ne4 { [%clk 1:32:18] } Qe7 { [%clk 1:33:24] } 16. Rfe1 { [%clk 1:32:23] } Rab8 { [%clk 1:33:34] } 17. a3 { [%clk 1:32:10] } a5 { [%clk 1:33:59] } 18. a4 { [%clk 1:32:16] } Ba8 { [%clk 1:34:17] } 19. b3 { [%clk 1:32:37] } Rbe8 { [%clk 1:34:20] } 20. Qe2 { [%clk 1:30:52] } f5 { [%clk 1:30:11] } 21. Nd2 { [%clk 1:31:14] } Qf6 { [%clk 1:30:30] } 22. Nf3 { [%clk 1:31:04] } Re7 { [%clk 1:29:50] } 23. Qd2 { [%clk 1:30:04] } Nb4 { [%clk 1:25:56] } 24. Re5 { [%clk 1:30:05] } Rfe8 { [%clk 1:24:58] } 25. Rae1 { [%clk 1:30:31] } Kh7 { [%clk 1:17:48] } 26. h4 { [%clk 1:28:31] } g6 { [%clk 1:17:00] } 27. g3 { [%clk 1:28:00] } Bb7 { [%clk 1:13:55] } 28. R1e2 { [%clk 1:25:18] } Ba6 { [%clk 1:12:06] } 29. Bxa6 { [%clk 1:25:00] } Nxa6 { [%clk 1:12:24] } 30. Qxa5 { [%clk 1:25:27] } Nb4 { [%clk 1:12:08] } 31. Qxc5 { [%clk 1:25:39] } Nd5 { [%clk 1:12:26] } 32. Qxc6 { [%clk 1:25:54] } g5 { [%clk 1:12:40] } 33. Rxd5 { [%clk 1:24:18] }
32	1. e4 { [%clk 1:30:57] } c6 { [%clk 1:29:54] } 2. d4 { [%clk 1:31:04] } d5 { [%clk 1:30:16] } 3. exd5 { [%clk 1:31:11] } cxd5 { [%clk 1:30:42] } 4. Nf3 { [%clk 1:31:22] } Nc6 { [%clk 1:31:07] } 5. h3 { [%clk 1:28:59] } Bf5 { [%clk 1:28:29] } 6. Bb5 { [%clk 1:29:13] } e6 { [%clk 1:28:02] } 7. Bf4 { [%clk 1:29:28] } Qb6 { [%clk 1:26:31] } 8. Bxc6+ { [%clk 1:29:22] } bxc6 { [%clk 1:26:23] } 9. b3 { [%clk 1:29:30] } c5 { [%clk 1:24:05] } 10. O-O { [%clk 1:27:49] } Nf6 { [%clk 1:24:27] } 11. Re1 { [%clk 1:23:18] } Be7 { [%clk 1:24:32] } 12. a4 { [%clk 1:21:31] } a5 { [%clk 1:23:35] } 13. Nc3 { [%clk 1:21:21] } Rc8 { [%clk 1:21:56] } 14. Nb5 { [%clk 1:20:44] } O-O { [%clk 1:22:02] } 15. Rc1 { [%clk 1:15:35] } cxd4 { [%clk 1:19:55] } 16. Nfxd4 { [%clk 1:15:56] } Bg6 { [%clk 1:20:12] } 17. c3 { [%clk 1:15:18] } Bc5 { [%clk 1:19:29] } 18. f3 { [%clk 1:11:48] } Rfe8 { [%clk 1:19:05] } 19. Qd2 { [%clk 1:04:01] } Nd7 { [%clk 1:18:01] } 20. Be3 { [%clk 1:03:49] } e5 { [%clk 1:17:56] } 21. Nc2 { [%clk 1:04:03] } Nf6 { [%clk 0:57:02] } 22. Bxc5 { [%clk 1:03:50] } Qxc5+ { [%clk 0:57:24] } 23. Qf2 { [%clk 1:03:52] } Qxf2+ { [%clk 0:56:32] } 24. Kxf2 { [%clk 1:04:13] } d4 { [%clk 0:56:58] } 25. Nca3 { [%clk 1:02:20] } d3 { [%clk 0:52:50] } 26. Rcd1 { [%clk 1:01:36] } Nd5 { [%clk 0:47:45] } 27. Nc4 { [%clk 0:59:19] } Re6 { [%clk 0:27:43] } 28. g3 { [%clk 0:52:37] } Rxc4 { [%clk 0:17:56] } 29. bxc4 { [%clk 0:52:40] } Nb6 { [%clk 0:18:13] } 30. Nc7 { [%clk 0:51:33] } Rc6 { [%clk 0:17:22] } 31. Nd5 { [%clk 0:51:15] } Nc8 { [%clk 0:16:13] } 32. Rxe5 { [%clk 0:51:14] } f6 { [%clk 0:16:37] } 33. Ne7+ { [%clk 0:51:14] } Nxe7 { [%clk 0:17:05] } 34. Rxe7 { [%clk 0:51:39] } Rxc4 { [%clk 0:15:09] } 35. Rb1 { [%clk 0:49:56] } Kf8 { [%clk 0:14:13] } 36. Ra7 { [%clk 0:46:19] } Rc8 { [%clk 0:12:41] }
33	1. f4 { [%clk 1:30:51] } d5 { [%clk 1:30:32] } 2. Nf3 { [%clk 1:31:14] } Nc6 { [%clk 1:30:21] } 3. e3 { [%clk 1:29:59] } Nf6 { [%clk 1:24:57] } 4. b3 { [%clk 1:29:57] } e6 { [%clk 1:23:52] } 5. Bb2 { [%clk 1:30:17] } Be7 { [%clk 1:21:48] } 6. Be2 { [%clk 1:30:23] } h6 { [%clk 1:17:11] } 7. O-O { [%clk 1:30:37] } Bd7 { [%clk 1:07:10] } 8. d3 { [%clk 1:30:24] } a5 { [%clk 0:59:35] } 9. a3 { [%clk 1:30:06] } Qb8 { [%clk 0:53:24] } 10. h3 { [%clk 1:27:31] } b5 { [%clk 0:52:34] } 11. Nbd2 { [%clk 1:27:29] } a4 { [%clk 0:52:29] } 12. b4 { [%clk 1:27:36] } Qb6 { [%clk 0:50:51] } 13. d4 { [%clk 1:28:00] } O-O-O { [%clk 0:44:32] } 14. Ne5 { [%clk 1:26:40] } Rdf8 { [%clk 0:38:15] } 15. Bd3 { [%clk 1:26:31] } Ne8 { [%clk 0:32:42] } 16. Nxd7 { [%clk 1:26:47] } Kxd7 { [%clk 0:33:03] } 17. Qe2 { [%clk 1:17:08] } Nd6 { [%clk 0:32:36] } 18. e4 { [%clk 1:17:22] } Nxd4 { [%clk 0:31:59] } 19. Qf2 { [%clk 1:17:41] } Nxc2 { [%clk 0:27:08] } 20. Qxb6 { [%clk 1:16:04] } cxb6 { [%clk 0:27:23] } 21. Bxc2 { [%clk 1:16:31] } Rfg8 { [%clk 0:26:28] } 22. exd5 { [%clk 1:16:42] } exd5 { [%clk 0:26:42] } 23. Bd4 { [%clk 1:16:41] } Bf6 { [%clk 0:25:35] } 24. Nf3 { [%clk 1:16:13] } Nc4 { [%clk 0:23:22] } 25. Kf2 { [%clk 1:15:05] } Bd8 { [%clk 0:11:36] } 26. Ne5+ { [%clk 1:15:17] } Nxe5 { [%clk 0:11:24] } 27. fxe5 { [%clk 1:15:07] } Ke6 { [%clk 0:10:44] } 28. g4 { [%clk 1:14:35] } g6 { [%clk 0:10:18] } 29. Rac1 { [%clk 1:13:24] } Rh7 { [%clk 0:09:35] } 30. Bd3 { [%clk 1:13:44] } h5 { [%clk 0:09:36] } 31. Rc6+ { [%clk 1:13:57] } Ke7 { [%clk 0:09:02] } 32. g5 { [%clk 1:14:08] } Kf8 { [%clk 0:08:31] } 33. h4 { [%clk 1:14:30] } Ke7 { [%clk 0:03:59] } 34. Kg2 { [%clk 1:14:28] } Rhh8 { [%clk 0:00:21] }
34	1. b3 { [%eval 0.0] [%clk 1:30:55] } Nf6 { [%eval 0.11] [%clk 1:30:47] } 2. Bb2 { [%eval 0.0] [%clk 1:31:18] } g6 { [%eval 0.14] [%clk 1:31:09] } 3. Nf3 { [%eval 0.09] [%clk 1:31:34] } Bg7 { [%eval 0.1] [%clk 1:31:30] } 4. e3 { [%eval -0.1] [%clk 1:31:53] } O-O { [%eval 0.14] [%clk 1:31:40] } 5. c4 { [%eval -0.08] [%clk 1:31:52] } c5 { [%eval 0.0] [%clk 1:31:38] } 6. Be2 { [%eval -0.1] [%clk 1:30:38] } b6 { [%eval 0.0] [%clk 1:23:34] } 7. d4 { [%eval 0.0] [%clk 1:27:39] } Bb7 { [%eval 0.04] [%clk 1:22:49] } 8. O-O { [%eval 0.04] [%clk 1:26:49] } d6 { [%eval 0.32] [%clk 1:21:46] } 9. Nc3 { [%eval 0.27] [%clk 1:26:13] } Nbd7 { [%eval 0.32] [%clk 1:21:14] } 10. Qd2 { [%eval 0.28] [%clk 1:21:37] } Qc7?! { [%eval 0.92] } { Inaccuracy. e6 was best. } { [%clk 1:19:42] } 11. Rfd1 { [%eval 0.47] [%clk 1:12:40] } Rfe8 { [%eval 0.81] [%clk 1:19:11] } 12. Rac1 { [%eval 0.56] [%clk 1:11:26] } Rad8 { [%eval 0.72] [%clk 1:19:04] } 13. h3 { [%eval 0.32] [%clk 1:10:32] } h6 { [%eval 0.61] [%clk 1:18:25] } 14. b4 { [%eval 0.32] [%clk 1:00:13] } a6 { [%eval 0.53] [%clk 1:15:55] } 15. a3 { [%eval 0.46] [%clk 0:56:16] } e6 { [%eval 0.41] [%clk 1:11:33] } 16. Ne1 { [%eval 0.14] [%clk 0:49:15] } Qb8 { [%eval 0.35] [%clk 1:00:38] } 17. Bf3 { [%eval -0.08] [%clk 0:48:11] } d5 { [%eval 0.09] [%clk 0:47:06] } 18. dxc5 { [%eval 0.15] [%clk 0:31:23] } bxc5 { [%eval 0.09] [%clk 0:21:40] } 19. cxd5 { [%eval 0.13] [%clk 0:34:09] } exd5 { [%eval 0.17] [%clk 0:16:40] } 20. Nxd5 { [%eval 0.0] [%clk 0:29:51] } Bxd5 { [%eval 0.2] [%clk 0:10:41] } 21. Bxd5 { [%eval 0.22] [%clk 0:28:22] } Ne5?? { [%eval 3.2] } { Blunder. cxb4 was best. } { [%clk 0:07:45] } 22. Rxc5 { [%eval 3.0] [%clk 0:26:45] } Ne4 { [%eval 3.66] [%clk 0:07:24] } 23. Qc2?? { [%eval 0.22] } { Blunder. Bxe5 was best. } { [%clk 0:25:47] } Nxc5 { [%eval 0.27] [%clk 0:07:17] } 24. Qxc5 { [%eval -0.21] [%clk 0:25:59] } Kh7 { [%eval 0.13] [%clk 0:06:12] } 25. Qc2 { [%eval 0.15] [%clk 0:23:02] } f5 { [%eval 0.53] [%clk 0:04:37] } 26. f4 { [%eval 0.0] [%clk 0:20:13] } Nd7 { [%eval 0.49] [%clk 0:04:11] } 27. Bxg7 { [%eval 0.52] [%clk 0:18:58] } Kxg7 { [%eval 0.52] [%clk 0:04:39] } 28. Bc6 { [%eval 0.55] [%clk 0:19:16] } Qa7?! { [%eval 1.21] } { Inaccuracy. Qc7 was best. } { [%clk 0:03:58] } 29. Rxd7+?? { [%eval -2.25] } { Blunder. Nf3 was best. } { [%clk 0:15:09] } Rxd7 { [%eval -2.24] [%clk 0:04:18] } 30. Qc3+?! { [%eval -3.5] } { Inaccuracy. Bxd7 was best. } { [%clk 0:15:19] } Kh7 { [%eval -3.96] [%clk 0:04:10] } 31. Bxd7 { [%eval -3.92] [%clk 0:15:16] } Rxe3 { [%eval -3.94] [%clk 0:03:15] } 32. Qc5 { [%eval -3.59] [%clk 0:14:54] } Rxe1+ { [%eval -3.4] [%clk 0:03:17] } 33. Kf2 { [%eval -4.22] [%clk 0:15:10] } Qxc5+ { [%eval -4.15] [%clk 0:03:40] } 34. bxc5 { [%eval -4.0] [%clk 0:15:32] } Rc1 { [%eval -3.78] [%clk 0:03:14] } 35. c6 { [%eval -3.51] [%clk 0:15:48] } Kg7 { [%eval -3.79] [%clk 0:02:38] } 36. Ke3 { [%eval -4.24] [%clk 0:14:30] } Kf6 { [%eval -4.02] [%clk 0:03:06] } 37. Kd2 { [%eval -4.35] [%clk 0:12:42] } Rc5 { [%eval -4.05] [%clk 0:03:08] } 38. g4 { [%eval -4.28] [%clk 0:07:13] } Ke7 { [%eval -4.28] [%clk 0:03:28] } 39. gxf5 { [%eval -5.29] [%clk 0:06:32] } gxf5 { [%eval -5.1] [%clk 0:03:56] } 40. a4 { [%eval -5.38] [%clk 0:05:05] } Kd6 { [%eval -5.4] [%clk 0:04:05] } 41. Kd3 { [%eval -5.78] [%clk 0:04:46] } Ra5 { [%eval -5.36] [%clk 0:04:14] } 42. Ke3 { [%eval -5.91] [%clk 0:04:12] } Rxa4 { [%eval -5.59] [%clk 0:03:12] } 43. Bxf5 { [%eval -5.79] [%clk 0:04:33] } Kxc6 { [%eval -5.37] [%clk 0:03:33] } 44. Kf3 { [%eval -6.36] [%clk 0:03:29] } Kd6 { [%eval -6.01] [%clk 0:03:40] } 45. Bg6 { [%eval -5.93] [%clk 0:01:09] } Ke7 { [%eval -5.74] [%clk 0:03:52] } 46. Be4 { [%eval -6.35] [%clk 0:00:35] } a5 { [%eval -8.41] [%clk 0:04:12] } 47. Bc6 { [%eval -7.77] [%clk 0:00:36] } Rc4 { [%eval -7.65] [%clk 0:03:50] } 48. Bd5 { [%eval -8.91] [%clk 0:00:44] } Rd4 { [%eval -8.54] [%clk 0:03:58] } 49. Ba2 { [%eval -10.02] [%clk 0:00:41] } a4 { [%eval -8.88] [%clk 0:04:18] } 50. Ke3 { [%eval -8.88] [%clk 0:01:00] } Rb4 { [%eval -5.63] [%clk 0:04:39] } 51. Kd3?! { [%eval -8.4] } { Inaccuracy. Kf3 was best. } { [%clk 0:01:11] } Rxf4 { [%eval -7.85] [%clk 0:05:01] } 52. Kc3 { [%eval -8.16] [%clk 0:01:08] } Rh4 { [%eval -7.19] [%clk 0:05:21] } 53. Bb1 { [%eval -10.01] [%clk 0:01:01] } Rxh3+ { [%eval -8.76] [%clk 0:05:40] } 54. Kc2 { [%eval -10.08] [%clk 0:00:50] } h5 { [%eval -7.59] [%clk 0:05:54] } 55. Kd2 { [%eval -9.84] [%clk 0:01:02] } h4 { [%eval -10.81] [%clk 0:06:14] } 56. Ke2?! { [%eval #-13] } { Checkmate is now unavoidable. Bh7 was best. } { [%clk 0:01:15] } a3 { [%eval #-12] [%clk 0:06:29] } 57. Kf2 { [%eval #-10] [%clk 0:00:37] } Rb3 { [%eval #-9] [%clk 0:06:48] } 58. Be4 { [%eval #-9] [%clk 0:00:43] } a2 { [%eval #-8] [%clk 0:06:57] } 59. Kg2 { [%eval #-5] [%clk 0:01:07] } a1=Q { [%eval #-4] [%clk 0:07:18] } 60. Kh2 { [%eval #-3] [%clk 0:01:29] } Rg3 { [%eval #-2] [%clk 0:07:32] } 61. Bb1 { [%eval #-2] [%clk 0:01:22] } Qd4 { [%eval #-1] [%clk 0:07:48] } 62. Be4 { [%eval #-1] [%clk 0:00:46] } Qg1# { [%clk 0:07:54] }
35	1. e4 { [%clk 1:30:56] } c5 { [%clk 1:30:53] } 2. Nf3 { [%clk 1:31:13] } d6 { [%clk 1:31:15] } 3. d4 { [%clk 1:31:38] } cxd4 { [%clk 1:31:41] } 4. Nxd4 { [%clk 1:32:04] } Nf6 { [%clk 1:32:06] } 5. Nc3 { [%clk 1:32:30] } Nc6 { [%clk 1:31:57] } 6. Bg5 { [%clk 1:31:58] } e6 { [%clk 1:30:22] } 7. Qd2 { [%clk 1:30:47] } a6 { [%clk 1:30:36] } 8. O-O-O { [%clk 1:31:04] } Bd7 { [%clk 1:31:01] } 9. f3 { [%clk 1:30:48] } Nxd4 { [%clk 1:31:06] } 10. Qxd4 { [%clk 1:31:11] } Bc6 { [%clk 1:31:31] } 11. Qd2 { [%clk 1:23:06] } h6 { [%clk 1:22:14] } 12. Be3 { [%clk 1:23:04] } d5 { [%clk 1:20:28] } 13. e5 { [%clk 1:22:05] } Nd7 { [%clk 1:19:18] } 14. f4 { [%clk 1:20:57] } g5 { [%clk 1:19:30] } 15. Be2 { [%clk 1:06:53] } gxf4 { [%clk 1:13:30] } 16. Bxf4 { [%clk 1:06:07] } Qc7 { [%clk 1:07:24] } 17. Bh5 { [%clk 0:55:30] } Nxe5 { [%clk 0:55:26] } 18. Qd4 { [%clk 0:54:00] } Bd6 { [%clk 0:49:35] } 19. Rhe1 { [%clk 0:39:35] } Nd3+ { [%clk 0:49:44] } 20. Kb1 { [%clk 0:40:01] } Nxf4 { [%clk 0:49:00] } 21. Qxh8+ { [%clk 0:40:23] } Bf8 { [%clk 0:49:27] } 22. Qh7 { [%clk 0:40:40] } Qd7 { [%clk 0:25:51] } 23. Bg4 { [%clk 0:33:59] } O-O-O { [%clk 0:22:42] } 24. Rf1 { [%clk 0:32:06] } Bd6 { [%clk 0:20:08] } 25. g3 { [%clk 0:29:23] } f5 { [%clk 0:20:33] } 26. Qxh6 { [%clk 0:27:49] } fxg4 { [%clk 0:11:29] } 27. gxf4 { [%clk 0:28:13] } Bb4 { [%clk 0:11:53] } 28. Ne2 { [%clk 0:27:00] } Qf7 { [%clk 0:09:59] } 29. Nd4 { [%clk 0:26:06] } Bd7 { [%clk 0:10:27] } 30. Qh4 { [%clk 0:23:03] } Be7 { [%clk 0:09:26] } 31. Qg3 { [%clk 0:23:04] } Bd6 { [%clk 0:09:18] } 32. Ne2 { [%clk 0:17:05] } Qh5 { [%clk 0:08:51] } 33. Rg1 { [%clk 0:16:30] } e5 { [%clk 0:08:16] } 34. Rxd5 { [%clk 0:16:13] } Bc6 { [%clk 0:08:43] } 35. Rd2 { [%clk 0:10:58] } exf4 { [%clk 0:09:04] } 36. Nxf4 { [%clk 0:10:51] } Qh6 { [%clk 0:08:29] } 37. Rgd1 { [%clk 0:07:28] } Bf3 { [%clk 0:08:56] } 38. Ne6 { [%clk 0:07:33] } Bxd1 { [%clk 0:06:20] } 39. Rxd6 { [%clk 0:07:45] } Re8 { [%clk 0:05:45] } 40. Rd8+ { [%clk 0:08:07] }
36	1. e4 { [%clk 1:28:41] } c5 { [%clk 1:30:48] } 2. Nf3 { [%clk 1:28:51] } d6 { [%clk 1:31:00] } 3. Bb5+ { [%clk 1:28:49] } Nd7 { [%clk 1:31:02] } 4. O-O { [%clk 1:28:21] } a6 { [%clk 1:31:00] } 5. Be2 { [%clk 1:28:22] } Ngf6 { [%clk 1:30:19] } 6. d3 { [%clk 1:28:30] } e6 { [%clk 1:28:26] } 7. a4 { [%clk 1:28:24] } b6 { [%clk 1:28:11] } 8. Nfd2 { [%clk 1:28:12] } Bb7 { [%clk 1:27:44] } 9. f4 { [%clk 1:28:07] } Nb8 { [%clk 1:24:10] } 10. Bf3 { [%clk 1:26:11] } Nc6 { [%clk 1:22:37] } 11. g4 { [%clk 1:26:13] } h6 { [%clk 1:20:14] } 12. Nc3 { [%clk 1:15:43] } Be7 { [%clk 1:01:07] } 13. Bg2 { [%clk 1:09:57] } Nd7 { [%clk 0:48:41] } 14. Ne2 { [%clk 1:05:33] } g5 { [%clk 0:42:59] } 15. c3 { [%clk 0:48:55] } gxf4 { [%clk 0:41:57] } 16. Nxf4 { [%clk 0:46:53] } Nde5 { [%clk 0:42:05] } 17. Nb3 { [%clk 0:41:48] } Rg8 { [%clk 0:31:22] } 18. h3 { [%clk 0:39:48] } Ng6 { [%clk 0:27:52] } 19. Nh5 { [%clk 0:34:53] } Nh4 { [%clk 0:27:42] } 20. Bh1 { [%clk 0:33:18] } Rg6 { [%clk 0:25:26] } 21. d4 { [%clk 0:31:07] } Bg5 { [%clk 0:20:49] } 22. Bf4 { [%clk 0:24:54] } e5 { [%clk 0:18:57] } 23. Bg3 { [%clk 0:24:47] } c4 { [%clk 0:10:09] } 24. Nd2 { [%clk 0:24:49] } exd4 { [%clk 0:09:46] } 25. cxd4 { [%clk 0:23:26] } b5 { [%clk 0:09:41] } 26. Nf3 { [%clk 0:20:31] } Nxf3+ { [%clk 0:09:57] } 27. Qxf3 { [%clk 0:20:54] } Qd7 { [%clk 0:08:59] } 28. Rad1 { [%clk 0:17:47] } O-O-O { [%clk 0:08:48] } 29. axb5 { [%clk 0:12:43] } axb5 { [%clk 0:09:17] } 30. Qc3 { [%clk 0:12:01] } Qe7 { [%clk 0:07:00] } 31. b3 { [%clk 0:08:21] } d5 { [%clk 0:07:12] } 32. bxc4 { [%clk 0:08:38] } bxc4 { [%clk 0:06:56] } 33. exd5 { [%clk 0:06:16] } Qe3+ { [%clk 0:07:01] } 34. Qxe3 { [%clk 0:06:40] } Bxe3+ { [%clk 0:07:27] } 35. Kh2 { [%clk 0:06:48] } Nb4 { [%clk 0:05:47] } 36. Rb1 { [%clk 0:04:42] } Ra6 { [%clk 0:02:10] } 37. Rxb4 { [%clk 0:03:56] } Ra2+ { [%clk 0:02:37] } 38. Bg2 { [%clk 0:04:17] } Rxd5 { [%clk 0:02:13] } 39. Rxf7 { [%clk 0:03:18] } Rxg2+ { [%clk 0:00:33] } 40. Kxg2 { [%clk 0:03:44] } Rb5+ { [%clk 0:00:44] } 41. Rxb7 { [%clk 0:04:09] }
37	1. Nf3 { [%clk 1:30:47] } d5 { [%clk 1:30:47] } 2. d4 { [%clk 1:30:59] } Nf6 { [%clk 1:31:05] } 3. c4 { [%clk 1:31:21] } e6 { [%clk 1:31:29] } 4. Nc3 { [%clk 1:31:00] } c6 { [%clk 1:29:49] } 5. e3 { [%clk 1:29:35] } Nbd7 { [%clk 1:30:12] } 6. Qc2 { [%clk 1:29:38] } Bd6 { [%clk 1:30:36] } 7. Bd3 { [%clk 1:29:44] } O-O { [%clk 1:30:21] } 8. O-O { [%clk 1:30:06] } dxc4 { [%clk 1:30:48] } 9. Bxc4 { [%clk 1:30:33] } e5 { [%clk 1:31:13] } 10. h3 { [%clk 1:28:45] } Qe7 { [%clk 1:31:15] } 11. Bb3 { [%clk 1:27:55] } a5 { [%clk 1:30:23] } 12. a3 { [%clk 1:26:03] } Bc7 { [%clk 1:25:07] } 13. Rd1 { [%clk 1:20:49] } h6 { [%clk 1:21:49] } 14. Nh4 { [%clk 1:10:13] } Rd8 { [%clk 1:20:35] } 15. Nf5 { [%clk 1:01:51] } Qf8 { [%clk 1:20:51] } 16. Bd2 { [%clk 1:00:36] } exd4 { [%clk 1:14:15] } 17. exd4 { [%clk 0:53:15] } Nb6 { [%clk 1:12:38] } 18. Re1 { [%clk 0:53:22] } Bxf5 { [%clk 0:57:33] } 19. Qxf5 { [%clk 0:53:47] } Nbd5 { [%clk 0:57:58] } 20. g3 { [%clk 0:45:25] } Bb6 { [%clk 0:53:59] } 21. Rad1 { [%clk 0:37:45] } Rd6 { [%clk 0:39:18] } 22. Bf4 { [%clk 0:23:45] } Nxf4 { [%clk 0:37:37] } 23. Qxf4 { [%clk 0:24:12] } Rad8 { [%clk 0:36:15] } 24. Ne4 { [%clk 0:24:38] } Nd5 { [%clk 0:35:03] } 25. Qc1 { [%clk 0:23:01] } R6d7 { [%clk 0:31:31] } 26. Nc5 { [%clk 0:23:26] } Rc7 { [%clk 0:23:06] } 27. Nxb7 { [%clk 0:18:12] } Rb8 { [%clk 0:12:12] } 28. Bxd5 { [%clk 0:18:36] } cxd5 { [%clk 0:12:38] } 29. Nc5 { [%clk 0:19:03] } Bxc5 { [%clk 0:13:04] } 30. dxc5 { [%clk 0:19:31] } Rxc5 { [%clk 0:13:26] } 31. Qd2 { [%clk 0:17:15] } Rcb5 { [%clk 0:12:02] }
38	1. e4 { [%clk 1:30:58] } c5 { [%clk 1:30:55] } 2. Nf3 { [%clk 1:31:25] } Nc6 { [%clk 1:30:45] } 3. d4 { [%clk 1:31:28] } cxd4 { [%clk 1:30:52] } 4. Nxd4 { [%clk 1:31:54] } Nf6 { [%clk 1:30:13] } 5. Nc3 { [%clk 1:32:20] } e5 { [%clk 1:30:27] } 6. Ndb5 { [%clk 1:32:42] } d6 { [%clk 1:30:44] } 7. Bg5 { [%clk 1:33:06] } a6 { [%clk 1:30:34] } 8. Na3 { [%clk 1:33:31] } b5 { [%clk 1:30:57] } 9. Nd5 { [%clk 1:33:48] } Be7 { [%clk 1:30:41] } 10. Bxf6 { [%clk 1:34:12] } Bxf6 { [%clk 1:31:07] } 11. c4 { [%clk 1:34:33] } b4 { [%clk 1:30:57] } 12. Nc2 { [%clk 1:34:59] } O-O { [%clk 1:31:06] } 13. Ncxb4 { [%clk 1:34:57] } Nxb4 { [%clk 1:26:43] } 14. Nxb4 { [%clk 1:34:48] } Qb6 { [%clk 1:24:03] } 15. Nd5 { [%clk 1:35:11] } Qxb2 { [%clk 1:23:28] } 16. Be2 { [%clk 1:35:30] } Bd8 { [%clk 1:14:53] } 17. O-O { [%clk 1:35:44] } Be6 { [%clk 1:14:11] } 18. Qd3 { [%clk 1:33:57] } Bxd5 { [%clk 1:06:38] } 19. cxd5 { [%clk 1:32:45] } Bb6 { [%clk 1:03:25] } 20. Rab1 { [%clk 1:31:36] } Qd4 { [%clk 1:02:53] } 21. Qxd4 { [%clk 1:31:52] } Bxd4 { [%clk 1:03:19] } 22. Bg4 { [%clk 1:30:35] } g6 { [%clk 0:57:44] } 23. Rfc1 { [%clk 1:24:55] } Bc5 { [%clk 0:53:05] } 24. Rb7 { [%clk 1:24:07] } f5 { [%clk 0:45:24] } 25. exf5 { [%clk 1:24:25] } gxf5 { [%clk 0:45:30] } 26. Bh3 { [%clk 1:24:46] } e4 { [%clk 0:45:43] } 27. Kf1 { [%clk 1:20:46] } Rab8 { [%clk 0:33:00] } 28. Rcb1 { [%clk 1:21:10] } Rxb7 { [%clk 0:33:27] } 29. Rxb7 { [%clk 1:21:35] } f4 { [%clk 0:33:53] } 30. Be6+ { [%clk 1:21:35] } Kh8 { [%clk 0:34:20] } 31. f3 { [%clk 1:17:12] } e3 { [%clk 0:30:09] } 32. Ke2 { [%clk 1:12:35] } Rf6 { [%clk 0:26:24] } 33. Rb8+ { [%clk 0:56:42] }
39	1. e4 { [%clk 1:30:56] } e6 { [%clk 1:30:54] } 2. d4 { [%clk 1:31:01] } d5 { [%clk 1:31:19] } 3. Nc3 { [%clk 1:31:20] } dxe4 { [%clk 1:31:42] } 4. Nxe4 { [%clk 1:31:43] } Nd7 { [%clk 1:32:09] } 5. Nf3 { [%clk 1:28:50] } Ngf6 { [%clk 1:32:34] } 6. Nxf6+ { [%clk 1:29:06] } Nxf6 { [%clk 1:32:59] } 7. Be2 { [%clk 1:18:36] } Be7 { [%clk 1:29:37] } 8. O-O { [%clk 1:17:37] } O-O { [%clk 1:27:37] } 9. a4 { [%clk 1:13:39] } c5 { [%clk 1:25:18] } 10. c3 { [%clk 1:07:54] } Qc7 { [%clk 1:16:23] } 11. Bg5 { [%clk 1:05:33] } cxd4 { [%clk 1:06:55] } 12. Qxd4 { [%clk 1:02:51] } Rd8 { [%clk 1:03:30] } 13. Qf4 { [%clk 0:56:47] } Qc5 { [%clk 0:38:18] } 14. Rfd1 { [%clk 0:38:37] } Bd7 { [%clk 0:38:23] } 15. Qc4 { [%clk 0:29:41] } Be8 { [%clk 0:25:42] } 16. Qxc5 { [%clk 0:23:18] } Bxc5 { [%clk 0:25:30] } 17. Bxf6 { [%clk 0:19:00] } gxf6 { [%clk 0:25:42] } 18. Bb5 { [%clk 0:18:50] } Kf8 { [%clk 0:17:20] } 19. Bxe8 { [%clk 0:18:12] } Kxe8 { [%clk 0:16:41] } 20. Kf1 { [%clk 0:18:32] } Ke7 { [%clk 0:15:31] }
40	1. e4 { [%clk 1:30:57] } e6 { [%clk 1:21:22] } 2. d4 { [%clk 1:29:24] } d5 { [%clk 1:21:05] } 3. Nc3 { [%clk 1:29:33] } Nf6 { [%clk 1:20:13] } 4. e5 { [%clk 1:29:13] } Nfd7 { [%clk 1:20:03] } 5. f4 { [%clk 1:29:15] } c5 { [%clk 1:19:14] } 6. Nf3 { [%clk 1:29:27] } Nc6 { [%clk 1:19:21] } 7. Be3 { [%clk 1:29:03] } a6 { [%clk 1:18:33] } 8. Ne2 { [%clk 1:26:23] } Qb6 { [%clk 1:16:43] } 9. Qc1 { [%clk 1:25:38] } Be7 { [%clk 1:16:16] } 10. c3 { [%clk 1:21:46] } O-O { [%clk 1:14:10] } 11. h4 { [%clk 1:17:34] } f6 { [%clk 1:14:29] } 12. Rh3 { [%clk 1:14:00] } Rf7 { [%clk 1:07:32] } 13. h5 { [%clk 1:11:38] } h6 { [%clk 1:07:40] } 14. Rg3 { [%clk 0:56:45] } cxd4 { [%clk 1:04:41] } 15. cxd4 { [%clk 0:53:17] } Qd8 { [%clk 1:04:32] } 16. Kf2 { [%clk 0:42:45] } fxe5 { [%clk 1:00:48] } 17. dxe5 { [%clk 0:39:03] } d4 { [%clk 1:00:09] } 18. Nexd4 { [%clk 0:33:55] } Nxd4 { [%clk 1:00:06] } 19. Bxd4 { [%clk 0:32:04] } Bh4 { [%clk 1:00:21] } 20. Qe3 { [%clk 0:26:36] } Bxg3+ { [%clk 0:56:37] } 21. Kxg3 { [%clk 0:26:09] } Nf8 { [%clk 0:56:28] } 22. Bd3 { [%clk 0:22:50] } Bd7 { [%clk 0:56:03] } 23. Bb6 { [%clk 0:17:07] } Qe8 { [%clk 0:55:13] } 24. Rh1 { [%clk 0:16:49] } Bc6 { [%clk 0:52:16] } 25. Nd4 { [%clk 0:12:10] } Bd5 { [%clk 0:51:37] } 26. Bc5 { [%clk 0:11:37] } Qa4 { [%clk 0:48:42] } 27. a3 { [%clk 0:10:37] } Qa5 { [%clk 0:47:55] } 28. Bb4 { [%clk 0:06:34] } Qc7 { [%clk 0:47:06] } 29. Rc1 { [%clk 0:05:49] } Qd8 { [%clk 0:47:21] } 30. Bd6 { [%clk 0:05:15] } Rc8 { [%clk 0:47:32] } 31. Rg1 { [%clk 0:04:24] } Qb6 { [%clk 0:46:36] } 32. b4 { [%clk 0:04:01] } Qd8 { [%clk 0:40:06] } 33. Rh1 { [%clk 0:03:34] } Rc3 { [%clk 0:39:30] } 34. Rh4 { [%clk 0:02:01] } Kh8 { [%clk 0:38:39] } 35. Ne2 { [%clk 0:01:46] } Rxa3 { [%clk 0:38:18] } 36. b5 { [%clk 0:02:05] } Rb3 { [%clk 0:38:20] } 37. Nc1 { [%clk 0:02:00] } Rb2 { [%clk 0:37:47] } 38. Rh2 { [%clk 0:02:05] } Qa5 { [%clk 0:37:03] } 39. Bg6 { [%clk 0:00:34] } Nxg6 { [%clk 0:35:10] } 40. hxg6 { [%clk 0:01:01] } Rf5 { [%clk 0:35:29] } 41. Nd3 { [%clk 0:24:30] } Rb3 { [%clk 1:01:15] } 42. Rh1 { [%clk 0:24:30] } Qa2 { [%clk 1:00:26] } 43. Rg1 { [%clk 0:23:45] } Qc2 { [%clk 1:00:06] }
41	1. e4 { [%clk 1:30:57] } e5 { [%clk 1:30:54] } 2. Nf3 { [%clk 1:31:16] } Nc6 { [%clk 1:31:17] } 3. Bc4 { [%clk 1:31:42] } Nf6 { [%clk 1:31:40] } 4. d4 { [%clk 1:31:51] } exd4 { [%clk 1:27:51] } 5. e5 { [%clk 1:32:15] } Ne4 { [%clk 1:23:41] } 6. Qe2 { [%clk 1:32:08] } Nc5 { [%clk 1:22:43] } 7. O-O { [%clk 1:32:31] } Be7 { [%clk 1:21:33] } 8. Rd1 { [%clk 1:31:11] } Ne6 { [%clk 0:58:13] } 9. c3 { [%clk 1:31:32] } d5 { [%clk 0:54:13] } 10. exd6 { [%clk 1:31:37] } Qxd6 { [%clk 0:45:17] } 11. Na3 { [%clk 1:32:00] } a6 { [%clk 0:37:32] } 12. Nc2 { [%clk 1:32:23] } O-O { [%clk 0:35:48] } 13. cxd4 { [%clk 1:32:30] } Nf4 { [%clk 0:29:02] } 14. Bxf4 { [%clk 1:31:58] } Qxf4 { [%clk 0:28:22] } 15. d5 { [%clk 1:32:11] } Na5 { [%clk 0:27:04] } 16. Bd3 { [%clk 1:27:08] } Bf6 { [%clk 0:24:17] } 17. b4 { [%clk 1:27:31] } Bxa1 { [%clk 0:23:46] } 18. Rxa1 { [%clk 1:27:56] } Bg4 { [%clk 0:16:40] } 19. Qe5 { [%clk 1:24:44] } Qh6 { [%clk 0:13:40] } 20. Ne3 { [%clk 1:25:01] } Bxf3 { [%clk 0:10:36] } 21. Nf5 { [%clk 1:25:26] } Qf6 { [%clk 0:11:01] } 22. Qxf6 { [%clk 1:25:50] } gxf6 { [%clk 0:11:27] } 23. gxf3 { [%clk 1:26:16] } Rfe8 { [%clk 0:06:15] } 24. bxa5 { [%clk 1:26:28] } Rad8 { [%clk 0:06:41] } 25. Be4 { [%clk 1:26:43] } c6 { [%clk 0:06:21] } 26. d6 { [%clk 1:27:08] } Rd7 { [%clk 0:06:07] } 27. Kh1 { [%clk 1:27:04] } Re5 { [%clk 0:05:28] } 28. Rg1+ { [%clk 1:27:11] } Kf8 { [%clk 0:05:55] } 29. Nh6 { [%clk 1:27:34] } Rg5 { [%clk 0:05:49] } 30. Rxg5 { [%clk 1:24:50] } fxg5 { [%clk 0:05:40] } 31. Nf5 { [%clk 1:25:13] } Rd8 { [%clk 0:06:10] } 32. Kg2 { [%clk 1:22:37] } Ke8 { [%clk 0:06:34] } 33. f4 { [%clk 1:22:04] } gxf4 { [%clk 0:06:04] } 34. Kf3 { [%clk 1:21:42] } Kd7 { [%clk 0:06:25] } 35. Kxf4 { [%clk 1:22:06] } Re8 { [%clk 0:04:12] } 36. h4 { [%clk 1:19:59] } f6 { [%clk 0:04:00] } 37. Ne3 { [%clk 1:19:39] } Re5 { [%clk 0:02:12] } 38. Bf5+ { [%clk 1:19:46] } Kd8 { [%clk 0:02:38] } 39. Nc4 { [%clk 1:20:11] } Rd5 { [%clk 0:00:39] } 40. Be6 { [%clk 1:20:11] } Rd4+ { [%clk 0:00:49] } 41. Kf5 { [%clk 1:17:21] } Rxh4 { [%clk 0:00:31] } 42. d7 { [%clk 1:17:43] } Rd4 { [%clk 0:22:57] } 43. Kxf6 { [%clk 1:48:05] }
42	1. e4 { [%clk 1:30:54] } c5 { [%clk 1:30:47] } 2. Nf3 { [%clk 1:31:15] } d6 { [%clk 1:31:08] } 3. Bb5+ { [%clk 1:31:37] } Bd7 { [%clk 1:31:26] } 4. c4 { [%clk 1:31:56] } Nc6 { [%clk 1:31:40] } 5. Nc3 { [%clk 1:32:00] } e5 { [%clk 1:31:30] } 6. d3 { [%clk 1:32:11] } Nge7 { [%clk 1:31:38] } 7. h4 { [%clk 1:31:43] } h5 { [%clk 1:31:29] } 8. a3 { [%clk 1:22:29] } Nc8 { [%clk 1:28:11] } 9. Nd5 { [%clk 1:07:54] } Nb6 { [%clk 1:23:30] } 10. Bg5 { [%clk 0:57:11] } f6 { [%clk 1:22:09] } 11. Nxb6 { [%clk 0:57:35] } axb6 { [%clk 1:12:32] } 12. Be3 { [%clk 0:57:52] } g6 { [%clk 1:10:36] } 13. Nd2 { [%clk 0:54:49] } Bg7 { [%clk 1:05:00] } 14. Nb1 { [%clk 0:48:19] } O-O { [%clk 1:04:02] } 15. Nc3 { [%clk 0:46:52] } Bg4 { [%clk 0:55:40] } 16. f3 { [%clk 0:45:58] } Be6 { [%clk 0:42:39] } 17. g4 { [%clk 0:35:05] } Nd4 { [%clk 0:37:13] }
43	1. e4 { [%clk 1:30:06] } e5 { [%clk 1:30:52] } 2. Nf3 { [%clk 1:30:32] } Nc6 { [%clk 1:31:14] } 3. Bb5 { [%clk 1:30:50] } a6 { [%clk 1:31:35] } 4. Ba4 { [%clk 1:31:13] } Nf6 { [%clk 1:31:48] } 5. O-O { [%clk 1:31:26] } Be7 { [%clk 1:32:02] } 6. d3 { [%clk 1:31:35] } b5 { [%clk 1:32:09] } 7. Bb3 { [%clk 1:31:59] } d6 { [%clk 1:32:33] } 8. c3 { [%clk 1:32:15] } O-O { [%clk 1:32:45] } 9. h3 { [%clk 1:32:33] } Bb7 { [%clk 1:32:25] } 10. Re1 { [%clk 1:32:39] } d5 { [%clk 1:30:45] } 11. Nbd2 { [%clk 1:26:35] } dxe4 { [%clk 1:30:52] } 12. dxe4 { [%clk 1:26:35] } Qd6 { [%clk 1:31:06] } 13. Qe2 { [%clk 1:23:39] } Rad8 { [%clk 1:30:46] } 14. Bc2 { [%clk 1:21:46] } Nh5 { [%clk 1:10:00] } 15. Nb3 { [%clk 1:10:54] } Qf6 { [%clk 1:07:44] } 16. g3 { [%clk 1:07:28] } h6 { [%clk 1:06:31] } 17. Nh4 { [%clk 0:56:38] } Nf4 { [%clk 1:06:09] } 18. Bxf4 { [%clk 0:56:50] } exf4 { [%clk 1:06:34] } 19. e5 { [%clk 0:54:06] } Qe6 { [%clk 1:02:51] } 20. Qe4 { [%clk 0:36:43] } g6 { [%clk 1:02:18] } 21. Qxf4 { [%clk 0:36:41] } Qxh3 { [%clk 0:59:53] } 22. Be4 { [%clk 0:30:55] } Bg5 { [%clk 0:58:56] } 23. Bg2 { [%clk 0:28:39] } Qc8 { [%clk 0:53:33] } 24. Qe4 { [%clk 0:26:01] } Rfe8 { [%clk 0:49:25] } 25. Nxg6 { [%clk 0:18:45] } Na5 { [%clk 0:49:46] } 26. Qb1 { [%clk 0:16:44] } Bxg2 { [%clk 0:48:49] } 27. Kxg2 { [%clk 0:16:38] } Nxb3 { [%clk 0:49:08] } 28. axb3 { [%clk 0:17:06] } Re6 { [%clk 0:46:07] } 29. Nf4 { [%clk 0:15:10] } Bxf4 { [%clk 0:46:14] } 30. gxf4 { [%clk 0:15:33] } Rg6+ { [%clk 0:46:19] } 31. Kf3 { [%clk 0:15:29] } Kh8 { [%clk 0:24:02] } 32. Rd1 { [%clk 0:09:25] } Qh3+ { [%clk 0:19:45] } 33. Ke2 { [%clk 0:09:41] } Qh5+ { [%clk 0:16:25] } 34. Ke3 { [%clk 0:08:19] } Qh3+ { [%clk 0:16:28] } 35. Ke2 { [%clk 0:04:30] } Qg4+ { [%clk 0:16:54] } 36. Ke3 { [%clk 0:04:53] } Qh3+ { [%clk 0:16:58] } 37. Ke2 { [%clk 0:04:01] } Qg4+ { [%clk 0:14:17] }
44	1. d4 { [%clk 1:30:52] } d5 { [%clk 1:30:39] } 2. c4 { [%clk 1:31:00] } e6 { [%clk 1:31:03] } 3. Nc3 { [%clk 1:30:54] } Be7 { [%clk 1:31:02] } 4. Nf3 { [%clk 1:24:43] } Nf6 { [%clk 1:30:46] } 5. g3 { [%clk 1:24:55] } dxc4 { [%clk 1:26:31] } 6. Qa4+ { [%clk 1:22:31] } Nbd7 { [%clk 1:26:30] } 7. Qxc4 { [%clk 1:17:14] } a6 { [%clk 1:25:05] } 8. Bf4 { [%clk 1:16:03] } c5 { [%clk 1:22:55] } 9. dxc5 { [%clk 1:15:49] } Bxc5 { [%clk 1:20:57] } 10. b4 { [%clk 1:12:04] } b5 { [%clk 1:18:48] } 11. Qb3 { [%clk 1:12:30] } Be7 { [%clk 1:15:33] } 12. Bg2 { [%clk 1:12:24] } Bb7 { [%clk 1:15:56] } 13. O-O { [%clk 1:12:46] } Rc8 { [%clk 1:15:35] } 14. Rfd1 { [%clk 1:10:17] } O-O { [%clk 1:12:07] } 15. Ne5 { [%clk 0:49:34] } Bxg2 { [%clk 1:11:08] } 16. Kxg2 { [%clk 0:49:08] } Qb6 { [%clk 1:08:30] } 17. Nxd7 { [%clk 0:49:16] } Qb7+ { [%clk 1:08:03] } 18. f3 { [%clk 0:48:26] } Nxd7 { [%clk 1:08:24] } 19. Ne4 { [%clk 0:48:33] } Nb6 { [%clk 1:07:13] } 20. Nd6 { [%clk 0:43:46] } Bxd6 { [%clk 1:04:54] } 21. Bxd6 { [%clk 0:44:13] } Rfd8 { [%clk 1:05:11] } 22. Bc5 { [%clk 0:44:31] } h6 { [%clk 1:02:18] }
45	1. d4 { [%clk 1:30:24] } Nf6 { [%clk 1:30:48] } 2. c4 { [%clk 1:30:43] } e6 { [%clk 1:31:05] } 3. Nf3 { [%clk 1:30:55] } Bb4+ { [%clk 1:31:09] } 4. Nbd2 { [%clk 1:30:20] } d5 { [%clk 1:31:20] } 5. Qa4+ { [%clk 1:29:10] } Nc6 { [%clk 1:31:43] } 6. a3 { [%clk 1:27:43] } Be7 { [%clk 1:31:58] } 7. e3 { [%clk 1:26:39] } a5 { [%clk 1:31:28] } 8. b4 { [%clk 1:23:52] } dxc4 { [%clk 1:31:50] } 9. b5 { [%clk 1:24:15] } c3 { [%clk 1:32:17] } 10. Nb1 { [%clk 1:22:52] } Na7 { [%clk 1:32:40] } 11. Nxc3 { [%clk 1:22:49] } O-O { [%clk 1:31:46] } 12. Rb1 { [%clk 1:17:42] } Bd7 { [%clk 1:31:02] } 13. Qb3 { [%clk 1:13:51] } c5 { [%clk 1:24:21] } 14. bxc6 { [%clk 1:12:18] } Bxc6 { [%clk 1:23:18] } 15. Ne5 { [%clk 1:11:11] } Rb8 { [%clk 1:14:43] } 16. Bb2 { [%clk 1:01:23] } Be8 { [%clk 1:10:39] } 17. Bd3 { [%clk 1:00:47] } b5 { [%clk 1:09:56] } 18. O-O { [%clk 1:00:33] } b4 { [%clk 0:58:12] } 19. axb4 { [%clk 1:00:56] } Bxb4 { [%clk 0:58:36] } 20. Qd1 { [%clk 0:56:46] } Nc6 { [%clk 0:57:53] } 21. f4 { [%clk 0:53:35] } Ne7 { [%clk 0:51:31] } 22. Qe2 { [%clk 0:46:24] } Nfd5 { [%clk 0:44:18] } 23. Nxd5 { [%clk 0:45:15] } Nxd5 { [%clk 0:44:38] } 24. f5 { [%clk 0:44:00] } exf5 { [%clk 0:44:14] } 25. Rxf5 { [%clk 0:39:09] } g6 { [%clk 0:32:18] } 26. Rff1 { [%clk 0:32:45] } Nc3 { [%clk 0:14:59] } 27. Bxc3 { [%clk 0:32:02] } Bxc3 { [%clk 0:15:28] } 28. Rbc1 { [%clk 0:26:59] } Bb4 { [%clk 0:10:35] } 29. Qf3 { [%clk 0:25:04] } Bd6 { [%clk 0:09:36] } 30. Nc6 { [%clk 0:20:36] } Bxc6 { [%clk 0:10:03] } 31. Rxc6 { [%clk 0:20:48] } Rb6 { [%clk 0:09:03] } 32. Rc2 { [%clk 0:20:11] } Be7 { [%clk 0:07:13] } 33. Bc4 { [%clk 0:16:48] } Rf6 { [%clk 0:07:25] } 34. Qd5 { [%clk 0:16:56] } Rxf1+ { [%clk 0:04:01] } 35. Kxf1 { [%clk 0:17:26] } Qb8 { [%clk 0:04:23] } 36. Rf2 { [%clk 0:17:03] } Qb1+ { [%clk 0:04:44] } 37. Ke2 { [%clk 0:17:32] } Qc2+ { [%clk 0:04:55] } 38. Kf3 { [%clk 0:17:50] } Qd1+ { [%clk 0:05:11] } 39. Be2 { [%clk 0:16:52] } Qe1 { [%clk 0:04:25] } 40. Rf1 { [%clk 0:13:44] } Qh4 { [%clk 0:04:13] } 41. Bc4 { [%clk 0:09:04] } Kg7 { [%clk 0:11:21] } 42. Ke2 { [%clk 0:38:29] } f5 { [%clk 0:10:36] } 43. Qe5+ { [%clk 0:38:02] } Kh6 { [%clk 0:08:30] } 44. Rf3 { [%clk 0:37:28] } Qf6 { [%clk 0:04:51] } 45. Qxa5 { [%clk 0:35:43] } Bd6 { [%clk 0:04:09] } 46. Qa7 { [%clk 0:33:07] } Qe7 { [%clk 0:04:31] } 47. Qxe7 { [%clk 0:32:50] } Bxe7 { [%clk 0:05:00] } 48. Rf1 { [%clk 0:29:29] } Bd6 { [%clk 0:01:38] } 49. h3 { [%clk 0:28:55] } Rb8 { [%clk 0:01:44] } 50. g4 { [%clk 0:28:50] } Kg5 { [%clk 0:00:38] } 51. gxf5 { [%clk 0:26:18] } gxf5 { [%clk 0:01:07] } 52. h4+ { [%clk 0:25:54] } Kf6 { [%clk 0:00:51] } 53. e4 { [%clk 0:25:50] } Rb2+ { [%clk 0:00:37] } 54. Ke3 { [%clk 0:22:04] } f4+ { [%clk 0:00:38] } 55. Kf3 { [%clk 0:22:29] } Bc7 { [%clk 0:00:34] } 56. e5+ { [%clk 0:22:30] } Kf5 { [%clk 0:00:32] } 57. Bd3+ { [%clk 0:22:11] } Ke6 { [%clk 0:01:02] } 58. Ke4 { [%clk 0:22:35] } Rb4 { [%clk 0:00:34] } 59. Rc1 { [%clk 0:22:17] } Bb6 { [%clk 0:00:45] } 60. Bc4+ { [%clk 0:20:42] } Kd7 { [%clk 0:01:13] } 61. d5 { [%clk 0:20:51] } Be3 { [%clk 0:01:32] } 62. Rc2 { [%clk 0:21:16] } h5 { [%clk 0:00:43] } 63. Kf3 { [%clk 0:21:10] } Ke7 { [%clk 0:00:37] } 64. d6+ { [%clk 0:21:07] } Kd7 { [%clk 0:01:03] } 65. Bd5 { [%clk 0:21:18] } Bb6 { [%clk 0:00:34] } 66. Rc6 { [%clk 0:21:08] }
46	1. e4 { [%clk 1:30:34] } c5 { [%clk 1:21:19] } 2. Nf3 { [%clk 1:30:29] } Nc6 { [%clk 1:21:10] } 3. Bb5 { [%clk 1:30:40] } d6 { [%clk 1:21:30] } 4. O-O { [%clk 1:31:00] } Bd7 { [%clk 1:21:55] } 5. Re1 { [%clk 1:31:22] } a6 { [%clk 1:22:21] } 6. Bxc6 { [%clk 1:31:45] } Bxc6 { [%clk 1:22:46] } 7. d4 { [%clk 1:32:06] } cxd4 { [%clk 1:23:11] } 8. Nxd4 { [%clk 1:32:32] } Rc8 { [%clk 1:23:35] } 9. c4 { [%clk 1:32:55] } Nf6 { [%clk 1:24:00] } 10. Nc3 { [%clk 1:33:19] } g6 { [%clk 1:24:26] } 11. Nxc6 { [%clk 1:33:26] } Rxc6 { [%clk 1:24:47] } 12. Qd3 { [%clk 1:32:12] } Bg7 { [%clk 1:22:27] } 13. Bd2 { [%clk 1:31:48] } O-O { [%clk 1:21:27] } 14. Rac1 { [%clk 1:31:53] } Qd7 { [%clk 1:16:00] } 15. h3 { [%clk 1:31:10] } Rfc8 { [%clk 1:13:15] } 16. b3 { [%clk 1:30:55] } Qd8 { [%clk 1:13:21] } 17. Nd5 { [%clk 1:28:35] } e6 { [%clk 1:11:06] } 18. Nxf6+ { [%clk 1:27:19] } Bxf6 { [%clk 1:11:00] } 19. Rcd1 { [%clk 1:27:32] } Qb6 { [%clk 1:06:00] } 20. Bf4 { [%clk 1:27:14] } Rd8 { [%clk 1:03:29] } 21. Re2 { [%clk 1:25:38] } Qb4 { [%clk 0:59:46] } 22. Qf3 { [%clk 1:22:27] } Be7 { [%clk 0:58:22] } 23. Red2 { [%clk 1:15:23] } Rcc8 { [%clk 0:54:27] } 24. a4 { [%clk 1:15:22] } b5 { [%clk 0:50:13] } 25. cxb5 { [%clk 1:15:01] } axb5 { [%clk 0:50:21] } 26. Rd4 { [%clk 1:11:58] } Qc5 { [%clk 0:29:29] } 27. axb5 { [%clk 1:11:31] } Rb8 { [%clk 0:29:34] } 28. Rc4 { [%clk 1:08:17] } Qxb5 { [%clk 0:29:14] } 29. Rc7 { [%clk 1:08:41] } Rd7 { [%clk 0:28:51] } 30. Rxd7 { [%clk 1:06:11] } Qxd7 { [%clk 0:29:14] } 31. Bxd6 { [%clk 1:06:02] } Bxd6 { [%clk 0:27:46] } 32. e5 { [%clk 1:06:23] } Rb6 { [%clk 0:27:59] } 33. Qd3 { [%clk 1:06:21] } Rb5 { [%clk 0:19:08] } 34. Qxd6 { [%clk 1:06:03] } Qc8 { [%clk 0:18:48] } 35. b4 { [%clk 1:02:57] } Kg7 { [%clk 0:19:09] } 36. Rd4 { [%clk 1:01:08] } Qc2 { [%clk 0:15:39] } 37. g3 { [%clk 0:57:28] } Qe2 { [%clk 0:14:22] } 38. Rf4 { [%clk 0:57:16] } g5 { [%clk 0:11:37] } 39. Rd4 { [%clk 0:55:23] } Rxe5 { [%clk 0:08:44] }
47	1. e4 { [%clk 1:30:11] } c5 { [%clk 1:30:59] } 2. Nf3 { [%clk 1:29:11] } d6 { [%clk 1:31:27] } 3. d4 { [%clk 1:29:26] } cxd4 { [%clk 1:31:55] } 4. Nxd4 { [%clk 1:29:52] } Nf6 { [%clk 1:32:22] } 5. Nc3 { [%clk 1:30:13] } a6 { [%clk 1:32:49] } 6. Be2 { [%clk 1:30:11] } e5 { [%clk 1:33:16] } 7. Nb3 { [%clk 1:30:11] } Be7 { [%clk 1:33:44] } 8. Bg5 { [%clk 1:29:11] } Be6 { [%clk 1:30:34] } 9. Bxf6 { [%clk 1:27:11] } Bxf6 { [%clk 1:31:02] } 10. Qd3 { [%clk 1:27:10] } Be7 { [%clk 1:24:37] } 11. O-O-O { [%clk 1:27:10] } Nd7 { [%clk 1:21:15] } 12. Nd5 { [%clk 1:27:11] } Bxd5 { [%clk 1:06:07] } 13. Qxd5 { [%clk 1:25:51] } Qc7 { [%clk 1:06:33] } 14. Kb1 { [%clk 1:24:11] } O-O { [%clk 1:02:45] } 15. Nd2 { [%clk 1:21:11] } Rac8 { [%clk 0:54:07] } 16. Nc4 { [%clk 1:11:11] } Rfd8 { [%clk 0:48:36] } 17. Ne3 { [%clk 1:05:11] } b5 { [%clk 0:37:54] } 18. Bg4 { [%clk 0:57:11] } Nf6 { [%clk 0:38:22] } 19. Qb3 { [%clk 0:54:11] } Rb8 { [%clk 0:38:16] } 20. Nd5 { [%clk 0:51:10] } Nxd5 { [%clk 0:33:40] } 21. Rxd5 { [%clk 0:48:11] } g6 { [%clk 0:33:57] } 22. g3 { [%clk 0:46:11] } Kg7 { [%clk 0:32:37] } 23. a3 { [%clk 0:40:11] } Rb6 { [%clk 0:31:36] } 24. Be2 { [%clk 0:36:16] } Rc6 { [%clk 0:30:29] } 25. Rhd1 { [%clk 0:35:47] } Qa7 { [%clk 0:28:13] } 26. f4 { [%clk 0:34:10] } Rdc8 { [%clk 0:23:13] } 27. R5d2 { [%clk 0:25:22] } R8c7 { [%clk 0:21:27] } 28. Rf1 { [%clk 0:24:59] } Bf6 { [%clk 0:20:44] } 29. h4 { [%clk 0:21:01] } exf4 { [%clk 0:17:54] } 30. gxf4 { [%clk 0:20:21] } Rc4 { [%clk 0:16:47] } 31. Qf3 { [%clk 0:16:24] } Rd4 { [%clk 0:13:49] } 32. Rxd4 { [%clk 0:10:49] } Qxd4 { [%clk 0:14:16] } 33. c3 { [%clk 0:11:12] } Qa4 { [%clk 0:10:09] } 34. Bd1 { [%clk 0:10:58] } Qc4 { [%clk 0:10:06] } 35. Be2 { [%clk 0:06:54] } Qa4 { [%clk 0:08:00] } 36. Bd1 { [%clk 0:10:25] } Qc4 { [%clk 0:08:11] } 37. Be2 { [%clk 0:10:53] }
48	1. Nf3 { [%clk 1:30:48] } d5 { [%clk 1:30:52] } 2. d4 { [%clk 1:30:56] } Nf6 { [%clk 1:31:15] } 3. g3 { [%clk 1:31:22] } g6 { [%clk 1:31:39] } 4. Bg2 { [%clk 1:31:46] } Bg7 { [%clk 1:32:04] } 5. O-O { [%clk 1:32:10] } O-O { [%clk 1:32:28] } 6. c4 { [%clk 1:32:33] } c6 { [%clk 1:32:54] } 7. cxd5 { [%clk 1:31:23] } cxd5 { [%clk 1:33:19] } 8. Ne5 { [%clk 1:30:57] } Ne4 { [%clk 1:32:35] } 9. Nc3 { [%clk 1:31:18] } Nxc3 { [%clk 1:33:00] } 10. bxc3 { [%clk 1:31:45] } Nc6 { [%clk 1:33:23] } 11. Nxc6 { [%clk 1:32:08] } bxc6 { [%clk 1:33:48] } 12. Qa4 { [%clk 1:32:33] }
49	1. d4 { [%clk 1:30:56] } Nf6 { [%clk 1:30:56] } 2. c4 { [%clk 1:31:20] } e6 { [%clk 1:31:24] } 3. Nc3 { [%clk 1:31:39] } Bb4 { [%clk 1:31:49] } 4. e3 { [%clk 1:30:28] } O-O { [%clk 1:31:13] } 5. Bd3 { [%clk 1:30:47] } d5 { [%clk 1:31:38] } 6. Nf3 { [%clk 1:30:17] } dxc4 { [%clk 1:31:37] } 7. Bxc4 { [%clk 1:30:42] } c5 { [%clk 1:31:56] } 8. O-O { [%clk 1:30:30] } Nc6 { [%clk 1:27:25] } 9. a3 { [%clk 1:25:36] } Ba5 { [%clk 1:25:23] } 10. Na4 { [%clk 1:09:41] } cxd4 { [%clk 1:25:05] } 11. exd4 { [%clk 1:09:33] } h6 { [%clk 1:09:36] } 12. b4 { [%clk 1:03:59] } Bc7 { [%clk 1:09:53] } 13. Nc3 { [%clk 1:00:56] } Ne7 { [%clk 1:08:41] } 14. Re1 { [%clk 0:58:46] } b6 { [%clk 1:03:05] } 15. Bb2 { [%clk 0:38:01] } Bb7 { [%clk 1:01:37] } 16. Ne5 { [%clk 0:38:18] } Rc8 { [%clk 0:58:12] } 17. Bd3 { [%clk 0:35:29] } Ned5 { [%clk 0:55:53] } 18. Ne2 { [%clk 0:35:31] } Nh5 { [%clk 0:46:36] } 19. Ng3 { [%clk 0:30:26] } Nxg3 { [%clk 0:46:14] } 20. hxg3 { [%clk 0:30:52] } Nf6 { [%clk 0:46:31] } 21. Qe2 { [%clk 0:27:40] } Qd5 { [%clk 0:40:29] } 22. f3 { [%clk 0:27:27] } Qd8 { [%clk 0:39:03] } 23. Bc2 { [%clk 0:18:24] } Nh5 { [%clk 0:34:28] } 24. Qd3 { [%clk 0:16:57] } f5 { [%clk 0:33:49] } 25. Bb3 { [%clk 0:14:34] } Bd5 { [%clk 0:33:39] } 26. Rac1 { [%clk 0:08:53] } Nf6 { [%clk 0:21:35] } 27. Bxd5 { [%clk 0:06:06] } Nxd5 { [%clk 0:21:14] } 28. Nc6 { [%clk 0:04:28] } Qe8 { [%clk 0:20:17] } 29. Ne5 { [%clk 0:03:31] } Bxe5 { [%clk 0:18:58] } 30. Rxc8 { [%clk 0:02:47] } Qxc8 { [%clk 0:19:27] } 31. Rxe5 { [%clk 0:03:12] } a6 { [%clk 0:16:49] } 32. Re1 { [%clk 0:03:06] } b5 { [%clk 0:16:55] } 33. Qe2 { [%clk 0:02:40] } Re8 { [%clk 0:15:10] } 34. Rc1 { [%clk 0:03:07] } Qd7 { [%clk 0:15:30] } 35. Qe5 { [%clk 0:03:25] } Rd8 { [%clk 0:14:10] } 36. Rc5 { [%clk 0:03:18] } Qd6 { [%clk 0:12:52] } 37. Bc1 { [%clk 0:02:53] } Qxe5 { [%clk 0:10:01] } 38. dxe5 { [%clk 0:03:19] } Kf7 { [%clk 0:10:08] } 39. Kf2 { [%clk 0:03:34] } Rd7 { [%clk 0:10:06] } 40. Rc6 { [%clk 0:03:28] } Rc7 { [%clk 0:08:12] } 41. Rxc7+ { [%clk 0:03:38] } Nxc7 { [%clk 0:08:41] } 42. Ke3 { [%clk 0:00:53] } Ke7 { [%clk 0:08:58] } 43. Kd4 { [%clk 0:28:55] } Kd7 { [%clk 0:39:21] } 44. g4 { [%clk 0:28:19] } fxg4 { [%clk 0:35:16] } 45. fxg4 { [%clk 0:27:44] } Nd5 { [%clk 0:35:34] } 46. Kc5 { [%clk 0:26:36] } Kc7 { [%clk 0:35:29] } 47. Bd2 { [%clk 0:26:46] } Nb6 { [%clk 0:35:06] } 48. Bc1 { [%clk 0:25:59] } Nd7+ { [%clk 0:35:08] } 49. Kd4 { [%clk 0:26:26] } Kc6 { [%clk 0:35:30] } 50. Bd2 { [%clk 0:25:48] } Nf8 { [%clk 0:35:46] } 51. Ke4 { [%clk 0:25:26] } Kc7 { [%clk 0:33:40] } 52. Be3 { [%clk 0:25:49] } Nd7 { [%clk 0:31:27] } 53. Kd4 { [%clk 0:24:23] } Kd8 { [%clk 0:30:43] } 54. Bf2 { [%clk 0:21:07] } Ke8 { [%clk 0:30:55] } 55. Ke4 { [%clk 0:18:18] } Kf7 { [%clk 0:31:18] } 56. Ba7 { [%clk 0:11:50] } Kg6 { [%clk 0:31:07] } 57. Kf4 { [%clk 0:11:23] } h5 { [%clk 0:31:05] }
50	1. d4 { [%clk 1:30:53] } d5 { [%clk 1:30:50] } 2. c4 { [%clk 1:31:19] } e6 { [%clk 1:31:15] } 3. Nc3 { [%clk 1:31:46] } Nf6 { [%clk 1:31:34] } 4. cxd5 { [%clk 1:31:26] } exd5 { [%clk 1:31:57] } 5. Bg5 { [%clk 1:31:49] } Be7 { [%clk 1:32:19] } 6. e3 { [%clk 1:32:02] } h6 { [%clk 1:32:40] } 7. Bh4 { [%clk 1:32:16] } O-O { [%clk 1:32:45] } 8. Bd3 { [%clk 1:32:05] } c6 { [%clk 1:32:48] } 9. Nge2 { [%clk 1:31:58] } Re8 { [%clk 1:32:40] } 10. O-O { [%clk 1:31:55] } Nh5 { [%clk 1:32:14] } 11. Bxe7 { [%clk 1:31:28] } Qxe7 { [%clk 1:32:40] } 12. Qd2 { [%clk 1:31:38] } Nd7 { [%clk 1:32:58] } 13. Rae1 { [%clk 1:31:27] } Nf8 { [%clk 1:32:35] } 14. a3 { [%clk 1:19:29] } Qg5 { [%clk 1:31:28] } 15. Nf4 { [%clk 1:16:34] } Bd7 { [%clk 1:31:48] } 16. Nxh5 { [%clk 1:14:06] } Qxh5 { [%clk 1:31:55] } 17. b4 { [%clk 1:02:53] } a6 { [%clk 1:28:24] } 18. f3 { [%clk 1:01:22] } Qg5 { [%clk 1:28:37] } 19. Qf2 { [%clk 1:01:01] } Qf6 { [%clk 1:28:59] } 20. e4 { [%clk 0:54:31] } dxe4 { [%clk 1:29:01] } 21. fxe4 { [%clk 0:54:36] } Qxf2+ { [%clk 1:29:23] } 22. Kxf2 { [%clk 0:54:13] } Ne6 { [%clk 1:20:06] } 23. Ke3 { [%clk 0:49:27] } Nc7 { [%clk 1:18:15] } 24. Na4 { [%clk 0:44:26] } a5 { [%clk 1:11:34] } 25. Nc5 { [%clk 0:39:01] } Bc8 { [%clk 1:11:43] } 26. Bc4 { [%clk 0:37:32] } Re7 { [%clk 1:11:31] } 27. Ra1 { [%clk 0:36:02] } b6 { [%clk 1:01:29] } 28. Nb3 { [%clk 0:33:42] } axb4 { [%clk 0:31:34] } 29. axb4 { [%clk 0:32:47] } Rxa1 { [%clk 0:32:00] } 30. Rxa1 { [%clk 0:32:14] } Kf8 { [%clk 0:31:55] } 31. Nd2 { [%clk 0:24:11] } Ke8 { [%clk 0:29:35] } 32. Kd3 { [%clk 0:22:59] } f6 { [%clk 0:28:39] } 33. Nf3 { [%clk 0:18:07] } Kd8 { [%clk 0:25:20] } 34. h3 { [%clk 0:13:27] } Ne8 { [%clk 0:21:27] } 35. Ra8 { [%clk 0:09:54] } Kc7 { [%clk 0:21:43] } 36. Ra7+ { [%clk 0:08:43] } Kd8 { [%clk 0:22:06] } 37. Ra8 { [%clk 0:09:10] } Kc7 { [%clk 0:22:32] } 38. e5 { [%clk 0:04:40] } Bb7 { [%clk 0:15:12] } 39. Ra7 { [%clk 0:02:42] } Kb8 { [%clk 0:15:25] } 40. Ra2 { [%clk 0:02:34] } fxe5 { [%clk 0:15:11] } 41. Nxe5 { [%clk 0:27:10] } Nf6 { [%clk 0:30:42] } 42. g4 { [%clk 0:25:04] } Nd7 { [%clk 0:28:57] } 43. Ng6 { [%clk 0:19:42] } Re1 { [%clk 0:29:23] } 44. Re2 { [%clk 0:20:09] } Rxe2 { [%clk 0:29:02] } 45. Kxe2 { [%clk 0:20:38] }
51	1. e4 { [%clk 1:30:54] } c6 { [%clk 1:30:48] } 2. Nf3 { [%clk 1:30:57] } d5 { [%clk 1:30:48] } 3. d3 { [%clk 1:31:23] } dxe4 { [%clk 1:29:37] } 4. dxe4 { [%clk 1:31:32] } Qxd1+ { [%clk 1:29:53] } 5. Kxd1 { [%clk 1:32:01] } Nf6 { [%clk 1:28:37] } 6. Nfd2 { [%clk 1:31:49] } g6 { [%clk 1:13:16] } 7. f3 { [%clk 1:30:50] } Bg7 { [%clk 1:12:52] } 8. c3 { [%clk 1:27:57] } O-O { [%clk 0:57:58] } 9. Nc4 { [%clk 1:27:16] } Be6 { [%clk 0:53:54] } 10. Be3 { [%clk 1:27:16] } Nfd7 { [%clk 0:49:49] } 11. Nbd2 { [%clk 1:26:11] } c5 { [%clk 0:49:44] } 12. a4 { [%clk 1:25:33] } Nc6 { [%clk 0:48:28] } 13. f4 { [%clk 1:19:25] } b6 { [%clk 0:40:14] } 14. Be2 { [%clk 1:18:12] } a6 { [%clk 0:32:48] } 15. Na3 { [%clk 1:14:18] } Rfd8 { [%clk 0:20:07] } 16. Kc2 { [%clk 1:04:28] } f5 { [%clk 0:19:28] } 17. e5 { [%clk 1:04:14] } Bh6 { [%clk 0:18:05] } 18. Bc4 { [%clk 0:50:31] } Bxc4 { [%clk 0:11:23] } 19. Ndxc4 { [%clk 0:48:06] } Rab8 { [%clk 0:11:38] } 20. Rhe1 { [%clk 0:47:55] } Bf8 { [%clk 0:08:47] } 21. Nb1 { [%clk 0:42:31] } e6 { [%clk 0:05:55] } 22. Nbd2 { [%clk 0:42:17] } g5 { [%clk 0:02:47] } 23. g3 { [%clk 0:39:41] } gxf4 { [%clk 0:01:29] } 24. gxf4 { [%clk 0:40:10] } b5 { [%clk 0:01:33] } 25. Nd6 { [%clk 0:34:32] } Ndxe5 { [%clk 0:00:34] } 26. fxe5 { [%clk 0:34:36] } Nxe5 { [%clk 0:01:02] } 27. Bxc5 { [%clk 0:34:32] } Nd7 { [%clk 0:00:32] } 28. Rg1+ { [%clk 0:34:52] } Bg7 { [%clk 0:00:39] } 29. Bd4 { [%clk 0:35:16] } e5 { [%clk 0:00:44] } 30. Nxf5 { [%clk 0:35:45] }
52	1. d4 { [%clk 1:30:56] } Nf6 { [%clk 1:30:41] } 2. c4 { [%clk 1:31:22] } e6 { [%clk 1:31:02] } 3. g3 { [%clk 1:31:36] } d5 { [%clk 1:30:16] } 4. Bg2 { [%clk 1:32:00] } Be7 { [%clk 1:30:37] } 5. Nf3 { [%clk 1:32:23] } O-O { [%clk 1:31:02] } 6. Qc2 { [%clk 1:32:27] } Nbd7 { [%clk 1:30:16] } 7. O-O { [%clk 1:32:48] } a5 { [%clk 1:30:04] } 8. b3 { [%clk 1:32:51] } b6 { [%clk 1:29:08] } 9. Ne5 { [%clk 1:31:33] } Bb7 { [%clk 1:28:17] } 10. cxd5 { [%clk 1:31:54] } Nxe5 { [%clk 1:25:27] } 11. d6 { [%clk 1:30:32] } Bxg2 { [%clk 1:11:12] } 12. dxe7 { [%clk 1:31:28] } Qxe7 { [%clk 1:11:18] } 13. dxe5 { [%clk 1:31:53] } Bxf1 { [%clk 1:11:25] } 14. exf6 { [%clk 1:28:58] } Qxf6 { [%clk 1:08:17] } 15. Kxf1 { [%clk 1:29:20] } Rfd8 { [%clk 1:07:02] } 16. Nc3 { [%clk 1:28:51] } Rd7 { [%clk 1:02:24] } 17. Be3 { [%clk 1:26:43] } Rad8 { [%clk 1:02:34] } 18. Rc1 { [%clk 1:27:09] } Qe5 { [%clk 0:58:03] } 19. a4 { [%clk 1:26:44] } h6 { [%clk 0:56:47] } 20. Kg2 { [%clk 1:26:50] } c5 { [%clk 0:55:08] } 21. Bf4 { [%clk 1:24:07] } Qf6 { [%clk 0:54:50] } 22. Qe4 { [%clk 1:22:04] } Qe7 { [%clk 0:54:07] } 23. Nb5 { [%clk 1:22:14] } Rc8 { [%clk 0:52:36] } 24. h4 { [%clk 1:22:19] } Rd5 { [%clk 0:52:40] } 25. Qf3 { [%clk 1:19:47] } Qd8 { [%clk 0:50:43] } 26. Na3 { [%clk 1:17:14] } Rd1 { [%clk 0:49:12] } 27. Rc3 { [%clk 1:15:28] } Qf6 { [%clk 0:48:12] } 28. Nc4 { [%clk 1:15:01] } g5 { [%clk 0:47:09] } 29. Be5 { [%clk 1:15:15] }
53	1. e4 { [%clk 1:30:58] } e5 { [%clk 1:30:53] } 2. Nf3 { [%clk 1:31:23] } Nc6 { [%clk 1:31:05] } 3. Bc4 { [%clk 1:31:44] } Bc5 { [%clk 1:31:29] } 4. c3 { [%clk 1:32:09] } Nf6 { [%clk 1:31:55] } 5. d3 { [%clk 1:32:33] } a5 { [%clk 1:32:21] } 6. O-O { [%clk 1:32:20] } d6 { [%clk 1:32:47] } 7. Bg5 { [%clk 1:32:08] } h6 { [%clk 1:32:46] } 8. Bh4 { [%clk 1:32:35] } Ba7 { [%clk 1:32:52] } 9. Nbd2 { [%clk 1:32:37] } O-O { [%clk 1:32:25] } 10. a3 { [%clk 1:30:31] } Kh8 { [%clk 1:26:33] } 11. b4 { [%clk 1:26:46] } g5 { [%clk 1:26:37] } 12. Bg3 { [%clk 1:27:01] } Nh7 { [%clk 1:16:22] } 13. Kh1 { [%clk 1:17:12] } h5 { [%clk 1:06:02] } 14. b5 { [%clk 1:00:32] } Ne7 { [%clk 1:03:53] } 15. Bxe5+ { [%clk 0:59:31] } dxe5 { [%clk 1:03:44] } 16. Nxe5 { [%clk 0:59:58] } Kg7 { [%clk 0:39:48] } 17. Qxh5 { [%clk 0:59:42] } Ng6 { [%clk 0:38:28] } 18. Nxg6 { [%clk 0:46:36] } fxg6 { [%clk 0:38:56] } 19. Qe2 { [%clk 0:46:58] } Bc5 { [%clk 0:36:49] } 20. d4 { [%clk 0:43:34] } Be7 { [%clk 0:37:17] } 21. e5 { [%clk 0:41:42] } a4 { [%clk 0:36:08] } 22. d5 { [%clk 0:31:05] } Bf5 { [%clk 0:30:39] } 23. b6 { [%clk 0:27:59] } Bc5 { [%clk 0:27:57] } 24. bxc7 { [%clk 0:26:20] } Qxc7 { [%clk 0:28:25] } 25. d6 { [%clk 0:26:01] } Qc6 { [%clk 0:26:10] } 26. Bb5 { [%clk 0:24:13] } Qb6 { [%clk 0:25:35] } 27. Bd3 { [%clk 0:22:50] } Rfe8 { [%clk 0:14:11] } 28. Bxf5 { [%clk 0:19:46] } gxf5 { [%clk 0:14:39] } 29. Qf3 { [%clk 0:19:51] } Kg6 { [%clk 0:12:27] } 30. h4 { [%clk 0:17:42] } gxh4 { [%clk 0:09:38] } 31. Qf4 { [%clk 0:18:03] } Ng5 { [%clk 0:09:00] } 32. Nf3 { [%clk 0:18:00] } Qd8 { [%clk 0:05:47] } 33. Nxh4+ { [%clk 0:17:58] } Kh5 { [%clk 0:06:16] } 34. Nxf5 { [%clk 0:15:04] } Kg6 { [%clk 0:04:53] } 35. Nh4+ { [%clk 0:14:33] } Kg7 { [%clk 0:05:13] } 36. Qg4 { [%clk 0:14:32] } Rh8 { [%clk 0:04:09] } 37. f4 { [%clk 0:14:40] } Rxh4+ { [%clk 0:03:52] } 38. Qxh4 { [%clk 0:15:06] } Ne4 { [%clk 0:04:03] } 39. Qg4+ { [%clk 0:12:53] } Kf7 { [%clk 0:04:06] } 40. g3 { [%clk 0:11:31] } Nxg3+ { [%clk 0:01:14] } 41. Qxg3 { [%clk 0:10:36] } Qd7 { [%clk 0:29:20] } 42. Ra2 { [%clk 0:40:15] } Qc6+ { [%clk 0:23:06] } 43. Qf3 { [%clk 0:40:37] } Rh8+ { [%clk 0:23:32] } 44. Rh2 { [%clk 0:41:02] }
54	1. Nf3 { [%clk 1:30:58] } d5 { [%clk 1:30:56] } 2. e3 { [%clk 1:31:20] } Nf6 { [%clk 1:30:51] } 3. b3 { [%clk 1:31:44] } Bf5 { [%clk 1:30:56] } 4. Be2 { [%clk 1:32:05] } h6 { [%clk 1:31:20] } 5. Ba3 { [%clk 1:32:29] } Nbd7 { [%clk 1:31:00] } 6. O-O { [%clk 1:31:59] } c6 { [%clk 1:30:19] } 7. c4 { [%clk 1:30:56] } e6 { [%clk 1:29:44] } 8. Bxf8 { [%clk 1:31:11] } Nxf8 { [%clk 1:30:10] } 9. Nc3 { [%clk 1:31:09] } N8d7 { [%clk 1:30:33] } 10. cxd5 { [%clk 1:31:00] } Nxd5 { [%clk 1:29:06] } 11. Rc1 { [%clk 1:26:15] } Nxc3 { [%clk 1:29:21] } 12. Rxc3 { [%clk 1:26:36] } O-O { [%clk 1:29:07] } 13. b4 { [%clk 1:22:22] } e5 { [%clk 1:27:36] } 14. Qb3 { [%clk 1:19:01] } a6 { [%clk 1:25:07] } 15. Rfc1 { [%clk 1:15:45] } Qe7 { [%clk 1:23:00] } 16. a4 { [%clk 1:12:04] } Bg4 { [%clk 1:17:10] } 17. d3 { [%clk 1:07:42] } Rfd8 { [%clk 1:16:48] } 18. h3 { [%clk 1:03:03] } Bh5 { [%clk 1:16:11] } 19. R3c2 { [%clk 1:01:01] } Bg6 { [%clk 1:16:22] } 20. Nd2 { [%clk 0:59:32] } Nb6 { [%clk 1:15:37] } 21. Ne4 { [%clk 0:58:18] } Bxe4 { [%clk 1:14:57] } 22. dxe4 { [%clk 0:58:46] } Rd6 { [%clk 1:05:46] } 23. b5 { [%clk 0:49:43] } cxb5 { [%clk 1:05:43] } 24. axb5 { [%clk 0:49:04] } a5 { [%clk 1:04:39] } 25. Bg4 { [%clk 0:46:56] } a4 { [%clk 1:02:36] } 26. Qa2 { [%clk 0:46:58] } Rf6 { [%clk 0:52:21] } 27. Rc7 { [%clk 0:42:58] } Qb4 { [%clk 0:51:43] } 28. Rxb7 { [%clk 0:41:37] } Rd8 { [%clk 0:51:32] } 29. Bf5 { [%clk 0:31:20] } g6 { [%clk 0:49:07] } 30. Rc6 { [%clk 0:19:57] } Qb3 { [%clk 0:49:32] } 31. Qe2 { [%clk 0:19:35] } Rxc6 { [%clk 0:45:17] } 32. bxc6 { [%clk 0:19:58] } gxf5 { [%clk 0:45:43] } 33. exf5 { [%clk 0:14:42] } Qd1+ { [%clk 0:45:12] } 34. Qxd1 { [%clk 0:15:11] } Rxd1+ { [%clk 0:45:39] } 35. Kh2 { [%clk 0:15:37] } Nc8 { [%clk 0:46:07] } 36. Rb8 { [%clk 0:11:43] } Rd8 { [%clk 0:46:33] } 37. Ra8 { [%clk 0:11:46] } Rf8 { [%clk 0:43:54] } 38. Rxa4 { [%clk 0:04:44] } Ne7 { [%clk 0:33:29] } 39. c7 { [%clk 0:04:53] } Rc8 { [%clk 0:33:15] } 40. Rc4 { [%clk 0:03:05] } Nxf5 { [%clk 0:33:14] } 41. Rc5 { [%clk 0:03:22] } Ng7 { [%clk 0:33:09] } 42. Rxe5 { [%clk 0:03:42] } Rxc7 { [%clk 0:33:35] } 43. g4 { [%clk 0:02:44] } Ne6 { [%clk 0:33:20] } 44. Kg3 { [%clk 0:01:37] } Kg7 { [%clk 0:33:21] } 45. Ra5 { [%clk 0:01:51] } Rc1 { [%clk 0:33:31] } 46. Kg2 { [%clk 0:29:00] } Rc2 { [%clk 1:03:55] } 47. Rd5 { [%clk 0:28:13] } Ng5 { [%clk 1:03:53] } 48. Rd4 { [%clk 0:28:15] } Ne6 { [%clk 1:04:17] } 49. Rd5 { [%clk 0:28:37] } Nc5 { [%clk 1:04:35] } 50. Rd4 { [%clk 0:28:50] } Ra2 { [%clk 1:04:22] } 51. Kf3 { [%clk 0:27:41] } Nb3 { [%clk 1:04:21] } 52. Rb4 { [%clk 0:27:24] } Na1 { [%clk 1:03:36] } 53. Kg3 { [%clk 0:26:26] } Nc2 { [%clk 1:03:39] } 54. Rc4 { [%clk 0:26:36] } Rb2 { [%clk 1:04:02] } 55. Rf4 { [%clk 0:24:08] } Rb4 { [%clk 1:02:44] } 56. Rf5 { [%clk 0:24:20] } Rc4 { [%clk 1:02:28] } 57. Rd5 { [%clk 0:24:31] } Nb4 { [%clk 1:02:53] } 58. Rd6 { [%clk 0:24:51] } Nc6 { [%clk 1:02:31] } 59. Rd5 { [%clk 0:25:08] } Ne7 { [%clk 1:02:56] } 60. Rd7 { [%clk 0:25:26] } Ng6 { [%clk 1:03:13] } 61. Rd5 { [%clk 0:25:20] } Re4 { [%clk 1:03:17] } 62. Rc5 { [%clk 0:25:15] } Re5 { [%clk 1:03:43] } 63. Rc3 { [%clk 0:24:48] } Rd5 { [%clk 1:04:01] } 64. Rc4 { [%clk 0:23:17] } Ne5 { [%clk 1:03:44] } 65. Ra4 { [%clk 0:23:33] } Rd1 { [%clk 1:03:45] } 66. Kg2 { [%clk 0:23:15] } Nd3 { [%clk 1:03:17] } 67. Ra5 { [%clk 0:22:52] } Rd2 { [%clk 1:02:55] } 68. Rf5 { [%clk 0:23:09] } Rc2 { [%clk 1:03:14] } 69. Kg3 { [%clk 0:20:19] } Rc5 { [%clk 1:02:47] } 70. Rf3 { [%clk 0:19:08] } Rb5 { [%clk 1:01:30] } 71. Kh2 { [%clk 0:18:20] } Rb2 { [%clk 1:01:44] } 72. Kg3 { [%clk 0:18:44] } Rb6 { [%clk 1:02:09] } 73. Rf5 { [%clk 0:18:32] } Rb2 { [%clk 1:01:02] } 74. Kg2 { [%clk 0:17:44] } Kg6 { [%clk 1:01:26] } 75. Kg3 { [%clk 0:17:15] } Rc2 { [%clk 1:01:51] } 76. e4 { [%clk 0:14:25] } Rc5 { [%clk 1:00:00] } 77. Rxc5 { [%clk 0:13:44] } Nxc5 { [%clk 1:00:27] } 78. e5 { [%clk 0:13:36] } Kg7 { [%clk 0:38:42] } 79. f4 { [%clk 0:13:43] } Kf8 { [%clk 0:38:01] } 80. h4 { [%clk 0:12:16] } Ke7 { [%clk 0:33:06] } 81. h5 { [%clk 0:11:20] } f6 { [%clk 0:22:54] }
55	1. d4 { [%clk 1:30:37] } Nf6 { [%clk 1:30:53] } 2. c4 { [%clk 1:31:01] } e6 { [%clk 1:31:18] } 3. g3 { [%clk 1:31:16] } c5 { [%clk 1:31:41] } 4. d5 { [%clk 1:31:27] } exd5 { [%clk 1:32:04] } 5. cxd5 { [%clk 1:31:50] } d6 { [%clk 1:32:32] } 6. Nc3 { [%clk 1:32:08] } g6 { [%clk 1:32:56] } 7. Bg2 { [%clk 1:32:26] } Bg7 { [%clk 1:33:20] } 8. Nf3 { [%clk 1:32:45] } O-O { [%clk 1:33:44] } 9. O-O { [%clk 1:33:07] } Re8 { [%clk 1:34:10] } 10. Re1 { [%clk 1:32:33] } Nbd7 { [%clk 1:34:34] } 11. h3 { [%clk 1:32:07] } Ne4 { [%clk 1:33:30] } 12. Nxe4 { [%clk 1:31:04] } Rxe4 { [%clk 1:33:58] } 13. Nd2 { [%clk 1:28:27] } Re8 { [%clk 1:33:46] } 14. a4 { [%clk 1:23:35] } Rb8 { [%clk 1:30:39] } 15. Ra2 { [%clk 1:17:15] } b6 { [%clk 1:22:28] } 16. b3 { [%clk 1:16:00] } a6 { [%clk 1:21:52] } 17. Bb2 { [%clk 1:10:18] } Bxb2 { [%clk 1:21:51] } 18. Rxb2 { [%clk 1:10:44] } b5 { [%clk 1:22:15] } 19. axb5 { [%clk 1:02:33] } axb5 { [%clk 1:20:25] } 20. Ra2 { [%clk 1:00:10] } Bb7 { [%clk 1:19:07] } 21. e4 { [%clk 0:56:07] } Qb6 { [%clk 1:16:14] } 22. h4 { [%clk 0:43:55] } Ra8 { [%clk 1:11:16] } 23. Rxa8 { [%clk 0:43:03] } Rxa8 { [%clk 1:11:43] } 24. Nf1 { [%clk 0:31:08] } Qa5 { [%clk 0:51:05] } 25. f4 { [%clk 0:28:24] } Re8 { [%clk 0:49:14] } 26. Qa1 { [%clk 0:20:18] } Qb4 { [%clk 0:49:10] } 27. Re3 { [%clk 0:20:18] } Ra8 { [%clk 0:48:12] } 28. Qb2 { [%clk 0:19:26] } c4 { [%clk 0:37:58] } 29. e5 { [%clk 0:18:00] } Nb6 { [%clk 0:34:19] } 30. Qd4 { [%clk 0:16:33] } Qc5 { [%clk 0:33:11] } 31. Qxc5 { [%clk 0:16:53] } dxc5 { [%clk 0:33:39] } 32. bxc4 { [%clk 0:16:06] } Nxc4 { [%clk 0:34:07] } 33. Re2 { [%clk 0:11:29] } Kf8 { [%clk 0:31:31] } 34. d6 { [%clk 0:10:54] } Bxg2 { [%clk 0:31:42] } 35. Kxg2 { [%clk 0:11:20] } Ra3 { [%clk 0:30:04] } 36. Kf2 { [%clk 0:08:21] } Ke8 { [%clk 0:29:20] } 37. g4 { [%clk 0:07:44] } Kd8 { [%clk 0:16:10] } 38. h5 { [%clk 0:05:08] } gxh5 { [%clk 0:15:12] } 39. gxh5 { [%clk 0:05:33] } h6 { [%clk 0:14:34] } 40. Ne3 { [%clk 0:00:35] } Nxe3 { [%clk 0:12:52] } 41. Rxe3 { [%clk 0:30:16] } b4 { [%clk 0:43:07] } 42. f5 { [%clk 0:26:34] } Rxe3 { [%clk 0:36:14] }
56	1. e4 { [%clk 1:30:51] } e5 { [%clk 1:30:35] } 2. Nf3 { [%clk 1:30:55] } Nc6 { [%clk 1:30:57] } 3. Bb5 { [%clk 1:31:20] } a6 { [%clk 1:31:15] } 4. Ba4 { [%clk 1:31:45] } Nge7 { [%clk 1:31:34] } 5. Nc3 { [%clk 1:30:37] } Ng6 { [%clk 1:31:43] } 6. h4 { [%clk 1:28:49] } h5 { [%clk 1:28:40] } 7. d3 { [%clk 1:23:23] } b5 { [%clk 1:10:36] } 8. Bb3 { [%clk 1:23:48] } Na5 { [%clk 1:10:57] } 9. d4 { [%clk 1:08:39] } exd4 { [%clk 0:59:33] } 10. Qxd4 { [%clk 1:08:21] } Bb7 { [%clk 0:56:36] } 11. Qd3 { [%clk 1:01:51] } Nxb3 { [%clk 0:53:49] } 12. axb3 { [%clk 1:02:07] } Bd6 { [%clk 0:36:55] } 13. Be3 { [%clk 0:58:51] } O-O { [%clk 0:33:29] } 14. O-O-O { [%clk 0:58:47] } Re8 { [%clk 0:32:14] } 15. Kb1 { [%clk 0:55:46] } Qe7 { [%clk 0:28:47] } 16. Ng5 { [%clk 0:41:28] } Ne5 { [%clk 0:22:40] } 17. Qe2 { [%clk 0:47:19] } Ng4 { [%clk 0:20:14] } 18. f3 { [%clk 0:43:50] } Nxe3 { [%clk 0:18:16] } 19. Qxe3 { [%clk 0:44:16] } Be5 { [%clk 0:15:31] } 20. Qd3 { [%clk 0:39:24] } f6 { [%clk 0:07:30] } 21. Nh3 { [%clk 0:39:06] } Rad8 { [%clk 0:07:31] } 22. Nd5 { [%clk 0:35:51] } Bxd5 { [%clk 0:05:04] } 23. Qxd5+ { [%clk 0:34:57] } Qe6 { [%clk 0:04:55] } 24. Qd3 { [%clk 0:33:31] } c6 { [%clk 0:05:17] } 25. f4 { [%clk 0:31:52] } Bb8 { [%clk 0:05:10] } 26. e5 { [%clk 0:27:52] } fxe5 { [%clk 0:03:10] } 27. Ng5 { [%clk 0:25:49] } Qh6 { [%clk 0:02:15] } 28. fxe5 { [%clk 0:24:00] } Bxe5 { [%clk 0:02:42] } 29. Rhe1 { [%clk 0:23:34] } Re7 { [%clk 0:02:03] } 30. g4 { [%clk 0:16:31] } Rf8 { [%clk 0:00:53] } 31. Nf3 { [%clk 0:15:08] } d6 { [%clk 0:01:09] } 32. Nd4 { [%clk 0:14:52] } hxg4 { [%clk 0:00:36] } 33. Nf5 { [%clk 0:15:13] } Qe6 { [%clk 0:00:32] } 34. Nxe7+ { [%clk 0:15:35] } Qxe7 { [%clk 0:01:02] } 35. Re4 { [%clk 0:09:31] } Qxh4 { [%clk 0:00:34] } 36. Rg1 { [%clk 0:07:47] } Qh3 { [%clk 0:00:37] } 37. Rexg4 { [%clk 0:06:27] } Qxd3 { [%clk 0:01:00] } 38. cxd3 { [%clk 0:06:54] } c5 { [%clk 0:01:04] } 39. b4 { [%clk 0:07:03] } Rf3 { [%clk 0:00:38] } 40. Re1 { [%clk 0:05:52] } Bd4 { [%clk 0:00:33] } 41. Re6 { [%clk 0:05:16] } Rf1+ { [%clk 0:00:32] } 42. Ka2 { [%clk 0:26:04] } Rf2 { [%clk 0:27:04] } 43. Rxd4 { [%clk 0:26:16] } cxd4 { [%clk 0:27:29] } 44. Rxd6 { [%clk 0:26:44] } Rf6 { [%clk 0:15:15] } 45. Rxd4 { [%clk 0:27:02] } g5 { [%clk 0:15:34] } 46. Rg4 { [%clk 0:24:03] } Rg6 { [%clk 0:15:59] } 47. Kb3 { [%clk 0:22:29] } Kf7 { [%clk 0:16:18] } 48. Kc3 { [%clk 0:22:17] } Ke6 { [%clk 0:13:39] } 49. Kd4 { [%clk 0:22:08] } Kf5 { [%clk 0:14:04] } 50. Rg1 { [%clk 0:22:08] } g4 { [%clk 0:13:46] } 51. Rf1+ { [%clk 0:15:56] } Ke6 { [%clk 0:09:14] } 52. Re1+ { [%clk 0:14:22] } Kd7 { [%clk 0:03:46] } 53. Ra1 { [%clk 0:14:05] } g3 { [%clk 0:02:16] } 54. Ke3 { [%clk 0:14:25] } g2 { [%clk 0:01:19] } 55. Kf2 { [%clk 0:14:46] } Rg4 { [%clk 0:01:11] } 56. Kg1 { [%clk 0:15:04] } Rxb4 { [%clk 0:01:14] } 57. Kxg2 { [%clk 0:15:29] } Rxb2+ { [%clk 0:01:14] } 58. Kf3 { [%clk 0:15:56] } Kc6 { [%clk 0:00:48] } 59. Rxa6+ { [%clk 0:16:21] } Kc5 { [%clk 0:00:56] } 60. Ke3 { [%clk 0:16:27] } Rh2 { [%clk 0:00:52] } 61. Ra8 { [%clk 0:15:54] } Kb4 { [%clk 0:00:42] } 62. d4 { [%clk 0:15:51] } Rh3+ { [%clk 0:00:45] } 63. Ke4 { [%clk 0:15:50] }
57	1. c4 { [%clk 1:29:13] } e6 { [%clk 1:30:29] } 2. Nc3 { [%clk 1:29:36] } d5 { [%clk 1:30:51] } 3. d4 { [%clk 1:30:01] } Nf6 { [%clk 1:31:05] } 4. cxd5 { [%clk 1:30:06] } exd5 { [%clk 1:31:29] } 5. Bg5 { [%clk 1:30:31] } Be7 { [%clk 1:31:12] } 6. e3 { [%clk 1:30:44] } h6 { [%clk 1:31:28] } 7. Bf4 { [%clk 1:29:46] } O-O { [%clk 1:31:46] } 8. Bd3 { [%clk 1:30:11] } c5 { [%clk 1:31:02] } 9. Nge2 { [%clk 1:27:09] } Nc6 { [%clk 1:30:22] } 10. dxc5 { [%clk 1:17:45] } Bxc5 { [%clk 1:30:11] } 11. O-O { [%clk 1:14:56] } Be6 { [%clk 1:27:54] } 12. Rc1 { [%clk 1:10:55] } a6 { [%clk 1:15:39] } 13. Na4 { [%clk 1:07:45] } Bd6 { [%clk 1:07:13] } 14. Bxd6 { [%clk 0:59:04] } Qxd6 { [%clk 1:07:37] } 15. Nc5 { [%clk 0:59:27] } Qe7 { [%clk 1:02:36] } 16. Qb3 { [%clk 0:49:16] } Ne5 { [%clk 0:51:58] } 17. Nf4 { [%clk 0:42:34] } Rfc8 { [%clk 0:48:29] } 18. Ncxe6 { [%clk 0:34:42] } Nxd3 { [%clk 0:44:08] } 19. Nxd3 { [%clk 0:33:51] } fxe6 { [%clk 0:44:23] } 20. Ne5 { [%clk 0:33:06] } Ne4 { [%clk 0:42:28] } 21. Qb6 { [%clk 0:31:28] } Kh7 { [%clk 0:39:55] } 22. Nd3 { [%clk 0:26:00] } a5 { [%clk 0:33:47] } 23. Rxc8 { [%clk 0:22:54] } Rxc8 { [%clk 0:34:16] } 24. Qxa5 { [%clk 0:23:08] } Rc2 { [%clk 0:33:33] } 25. Qb6 { [%clk 0:16:32] } Qf6 { [%clk 0:20:27] } 26. Qxb7 { [%clk 0:15:43] } Rd2 { [%clk 0:20:49] } 27. Qb5 { [%clk 0:15:05] } e5 { [%clk 0:16:59] } 28. Qb3 { [%clk 0:09:43] } Qf5 { [%clk 0:13:50] } 29. a4 { [%clk 0:08:49] } d4 { [%clk 0:08:54] } 30. a5 { [%clk 0:07:48] } dxe3 { [%clk 0:05:48] } 31. fxe3 { [%clk 0:07:59] } Qg6 { [%clk 0:01:53] } 32. Ne1 { [%clk 0:07:04] } Ng5 { [%clk 0:01:01] } 33. Rf8 { [%clk 0:04:45] } Nh3+ { [%clk 0:01:07] } 34. Kh1 { [%clk 0:03:30] } Nf2+ { [%clk 0:01:36] } 35. Kg1 { [%clk 0:03:56] } Nh3+ { [%clk 0:02:02] } 36. Kf1 { [%clk 0:02:13] } Qa6+ { [%clk 0:02:20] } 37. Nd3 { [%clk 0:02:40] } Ng5 { [%clk 0:02:13] } 38. Rd8 { [%clk 0:03:04] } e4 { [%clk 0:00:36] } 39. Qg8+ { [%clk 0:01:56] } Kg6 { [%clk 0:01:05] } 40. Qe8+ { [%clk 0:00:40] } Kh7 { [%clk 0:01:20] } 41. Qg8+ { [%clk 0:00:53] } Kg6 { [%clk 0:01:45] } 42. Qe8+ { [%clk 0:05:42] } Kh7 { [%clk 0:32:06] }
58	1. e4 { [%clk 1:30:58] } e5 { [%clk 1:30:54] } 2. Nf3 { [%clk 1:31:24] } Nf6 { [%clk 1:31:19] } 3. Nc3 { [%clk 1:31:50] } Nc6 { [%clk 1:31:44] } 4. a4 { [%clk 1:32:04] } Bb4 { [%clk 1:20:01] } 5. Bd3 { [%clk 1:32:15] } O-O { [%clk 1:19:06] } 6. O-O { [%clk 1:31:46] } Bxc3 { [%clk 1:14:12] } 7. dxc3 { [%clk 1:32:11] } d6 { [%clk 1:14:38] } 8. a5 { [%clk 1:30:17] } Bd7 { [%clk 1:09:58] } 9. h3 { [%clk 1:28:49] } Kh8 { [%clk 1:06:31] } 10. Qe2 { [%clk 1:22:53] } Qe7 { [%clk 1:00:45] } 11. b4 { [%clk 1:17:54] } b6 { [%clk 0:42:21] } 12. Nd2 { [%clk 1:18:02] } Ng8 { [%clk 0:35:59] } 13. Nc4 { [%clk 1:12:58] } Rae8 { [%clk 0:34:35] } 14. Ne3 { [%clk 1:04:51] } Qd8 { [%clk 0:34:57] } 15. Nd5 { [%clk 0:55:57] } Nge7 { [%clk 0:27:41] } 16. axb6 { [%clk 0:53:27] } axb6 { [%clk 0:28:05] } 17. c4 { [%clk 0:53:26] } Nxd5 { [%clk 0:26:56] } 18. cxd5 { [%clk 0:53:52] } Nxb4 { [%clk 0:26:43] } 19. Bc4 { [%clk 0:54:16] } b5 { [%clk 0:27:09] } 20. Bb3 { [%clk 0:53:41] } Qc8 { [%clk 0:26:25] } 21. c4 { [%clk 0:51:56] } c5 { [%clk 0:18:32] } 22. cxb5 { [%clk 0:50:20] } Qb7 { [%clk 0:18:58] } 23. Bc4 { [%clk 0:50:45] } Rb8 { [%clk 0:19:22] } 24. f4 { [%clk 0:50:29] } f6 { [%clk 0:15:41] } 25. fxe5 { [%clk 0:49:59] } dxe5 { [%clk 0:16:07] } 26. Be3 { [%clk 0:48:59] } Qb6 { [%clk 0:11:17] } 27. Ra4 { [%clk 0:46:10] } Qd6 { [%clk 0:10:57] } 28. Ra7 { [%clk 0:45:28] } Rfc8 { [%clk 0:06:22] } 29. Rfa1 { [%clk 0:43:45] } f5 { [%clk 0:05:55] } 30. exf5 { [%clk 0:43:38] } Bxf5 { [%clk 0:06:21] } 31. Rf1 { [%clk 0:43:55] } Rf8 { [%clk 0:03:42] } 32. Bf2 { [%clk 0:35:56] } Rbe8 { [%clk 0:01:07] } 33. Qe3 { [%clk 0:35:41] } Qg6 { [%clk 0:01:01] } 34. Qg3 { [%clk 0:35:46] } Bd3 { [%clk 0:01:04] } 35. Qxg6 { [%clk 0:35:28] } hxg6 { [%clk 0:01:32] } 36. Bxd3 { [%clk 0:35:53] } Nxd3 { [%clk 0:01:59] } 37. Be3 { [%clk 0:35:47] } Nf4 { [%clk 0:01:57] } 38. Rd1 { [%clk 0:34:48] } Ne2+ { [%clk 0:01:49] } 39. Kh2 { [%clk 0:35:16] } Nc3 { [%clk 0:02:15] } 40. Rc1 { [%clk 0:34:26] } Nxb5 { [%clk 0:02:14] } 41. Rb7 { [%clk 0:31:21] } Nd6 { [%clk 0:22:46] } 42. Rb6 { [%clk 1:01:31] } Rf6 { [%clk 0:21:08] } 43. Bg5 { [%clk 1:00:32] } Rf5 { [%clk 0:21:34] } 44. Be3 { [%clk 0:58:18] } Rf6 { [%clk 0:20:22] } 45. Bxc5 { [%clk 0:53:33] } Ne4 { [%clk 0:20:37] } 46. Be3 { [%clk 0:52:13] } Rxb6 { [%clk 0:17:14] } 47. Bxb6 { [%clk 0:52:38] } Nf6 { [%clk 0:17:05] } 48. d6 { [%clk 0:52:59] } Rb8 { [%clk 0:17:26] } 49. Rc6 { [%clk 0:46:47] } Kg8 { [%clk 0:17:16] } 50. Ba5 { [%clk 0:45:00] } Rb5 { [%clk 0:14:39] } 51. Bd8 { [%clk 0:43:16] } Rd5 { [%clk 0:14:17] } 52. g4 { [%clk 0:43:21] } Rd2+ { [%clk 0:12:54] } 53. Kg1 { [%clk 0:43:46] } Nd7 { [%clk 0:12:36] } 54. Bg5 { [%clk 0:43:09] } Rd3 { [%clk 0:10:49] } 55. Kg2 { [%clk 0:43:34] } Kf7 { [%clk 0:11:15] } 56. h4 { [%clk 0:43:34] } Ke6 { [%clk 0:11:33] } 57. Ra6 { [%clk 0:43:25] } Rxd6 { [%clk 0:11:15] } 58. Rxd6+ { [%clk 0:43:52] } Kxd6 { [%clk 0:11:40] } 59. h5 { [%clk 0:44:18] } Nf8 { [%clk 0:06:21] } 60. Kf3 { [%clk 0:44:20] } Ke6 { [%clk 0:06:39] } 61. Bc1 { [%clk 0:43:37] } Nh7 { [%clk 0:05:30] } 62. hxg6 { [%clk 0:42:16] } Nf8 { [%clk 0:05:46] } 63. Ke4 { [%clk 0:41:36] } Nd7 { [%clk 0:05:30] } 64. Ba3 { [%clk 0:41:34] } Kf6 { [%clk 0:04:56] } 65. Kd5 { [%clk 0:41:05] } Kxg6 { [%clk 0:05:04] } 66. Ke6 { [%clk 0:41:08] } Nb6 { [%clk 0:05:28] } 67. Bc1 { [%clk 0:41:09] } e4 { [%clk 0:05:32] } 68. Ke5 { [%clk 0:41:18] } e3 { [%clk 0:05:56] } 69. Bxe3 { [%clk 0:41:31] } Nc4+ { [%clk 0:06:22] } 70. Kf4 { [%clk 0:41:57] } Nxe3 { [%clk 0:06:48] } 71. Kxe3 { [%clk 0:42:23] } Kg5 { [%clk 0:07:14] } 72. Kf3 { [%clk 0:42:48] } Kh4 { [%clk 0:07:41] } 73. Kf4 { [%clk 0:43:13] } g6 { [%clk 0:08:07] } 74. g5 { [%clk 0:43:36] } Kh5 { [%clk 0:08:32] } 75. Kf3 { [%clk 0:44:02] } Kh4 { [%clk 0:08:57] } 76. Ke4 { [%clk 0:43:52] }
59	1. e4 { [%clk 1:30:57] } c5 { [%clk 1:30:52] } 2. Nf3 { [%clk 1:31:20] } e6 { [%clk 1:31:15] } 3. Bd3 { [%clk 1:31:02] } d5 { [%clk 1:30:30] } 4. exd5 { [%clk 1:30:42] } exd5 { [%clk 1:30:49] } 5. O-O { [%clk 1:31:06] } Bd6 { [%clk 1:27:45] } 6. Re1+ { [%clk 1:30:59] } Ne7 { [%clk 1:28:10] } 7. c3 { [%clk 1:31:27] } Nc6 { [%clk 1:27:57] } 8. Bc2 { [%clk 1:31:31] } d4 { [%clk 1:19:56] } 9. Ng5 { [%clk 1:25:22] } h6 { [%clk 1:04:02] } 10. Qh5 { [%clk 1:19:24] } O-O { [%clk 1:04:26] } 11. Ne4 { [%clk 1:18:28] } Nd5 { [%clk 1:03:24] } 12. Nxd6 { [%clk 1:09:55] } Qxd6 { [%clk 1:03:52] } 13. d3 { [%clk 1:10:08] } Nf6 { [%clk 1:02:52] } 14. Qh4 { [%clk 1:06:44] } Bf5 { [%clk 1:00:55] } 15. Na3 { [%clk 1:05:27] } Rae8 { [%clk 1:01:12] } 16. Bd2 { [%clk 0:59:33] } a6 { [%clk 0:56:25] } 17. Nc4 { [%clk 0:52:43] } Qd8 { [%clk 0:55:10] } 18. Qg3 { [%clk 0:52:21] } Bg6 { [%clk 0:54:41] } 19. Bb3 { [%clk 0:45:00] } Kh7 { [%clk 0:33:24] } 20. Qf3 { [%clk 0:29:00] } Qd7 { [%clk 0:23:11] } 21. h3 { [%clk 0:20:05] } Rd8 { [%clk 0:12:00] } 22. Ne5 { [%clk 0:18:20] } Nxe5 { [%clk 0:11:33] } 23. Rxe5 { [%clk 0:18:49] } b6 { [%clk 0:11:51] } 24. Rd1 { [%clk 0:16:00] } a5 { [%clk 0:10:17] } 25. a4 { [%clk 0:15:55] } dxc3 { [%clk 0:08:00] } 26. Bxc3 { [%clk 0:16:17] } Rc8 { [%clk 0:06:27] } 27. Re3 { [%clk 0:12:47] } Qc6 { [%clk 0:06:08] } 28. Qxc6 { [%clk 0:05:12] } Rxc6 { [%clk 0:06:37] } 29. Re7 { [%clk 0:05:15] } Rd8 { [%clk 0:03:45] } 30. Bxf7 { [%clk 0:05:02] } Bxf7 { [%clk 0:04:13] } 31. Rxf7 { [%clk 0:05:26] } Kg6 { [%clk 0:04:42] } 32. Rb7 { [%clk 0:03:53] } c4 { [%clk 0:04:13] } 33. d4 { [%clk 0:04:23] } Nd5 { [%clk 0:03:57] } 34. Re1 { [%clk 0:04:46] } Kf6 { [%clk 0:03:43] } 35. Re5 { [%clk 0:04:32] } Rcd6 { [%clk 0:03:54] } 36. g4 { [%clk 0:03:54] } R6d7 { [%clk 0:04:14] } 37. Rxd7 { [%clk 0:02:43] } Rxd7 { [%clk 0:04:43] } 38. f4 { [%clk 0:02:26] } Rd6 { [%clk 0:02:09] } 39. f5 { [%clk 0:02:19] } Kf7 { [%clk 0:02:20] } 40. Kf2 { [%clk 0:01:53] } Nf4 { [%clk 0:02:04] } 41. Kg3 { [%clk 0:02:15] } Nd5 { [%clk 0:00:47] } 42. h4 { [%clk 0:01:57] } g6 { [%clk 0:22:58] } 43. fxg6+ { [%clk 0:30:34] } Kxg6 { [%clk 0:23:26] } 44. h5+ { [%clk 0:30:07] } Kf7 { [%clk 0:23:51] } 45. Kf3 { [%clk 0:28:47] } Nf6 { [%clk 0:23:45] } 46. Kf4 { [%clk 0:28:03] } Nd5+ { [%clk 0:23:01] } 47. Kg3 { [%clk 0:21:22] } Ne7 { [%clk 0:19:33] } 48. Kh4 { [%clk 0:21:02] } Nc6 { [%clk 0:18:32] } 49. Rf5+ { [%clk 0:21:06] } Kg8 { [%clk 0:18:41] } 50. Rf4 { [%clk 0:19:54] } Ne7 { [%clk 0:19:09] } 51. d5 { [%clk 0:12:12] } Nxd5 { [%clk 0:19:37] } 52. Rd4 { [%clk 0:12:36] } Rd7 { [%clk 0:20:06] } 53. Bd2 { [%clk 0:07:22] } Kg7 { [%clk 0:19:33] } 54. Rxc4 { [%clk 0:07:22] } Rd6 { [%clk 0:20:02] } 55. Rd4 { [%clk 0:07:18] } Rd7 { [%clk 0:20:31] } 56. g5 { [%clk 0:07:13] } hxg5+ { [%clk 0:20:56] } 57. Bxg5 { [%clk 0:07:30] } Kf7 { [%clk 0:21:22] } 58. Rd2 { [%clk 0:07:14] } Ke6 { [%clk 0:21:39] } 59. Re2+ { [%clk 0:07:02] } Kf7 { [%clk 0:21:59] } 60. Rf2+ { [%clk 0:07:24] } Kg7 { [%clk 0:22:28] } 61. Rf5 { [%clk 0:05:24] } Rd6 { [%clk 0:22:25] } 62. h6+ { [%clk 0:05:25] } Kg6 { [%clk 0:22:54] } 63. Rf8 { [%clk 0:05:51] } Rd7 { [%clk 0:22:55] } 64. Kg4 { [%clk 0:05:42] } Rc7 { [%clk 0:22:55] } 65. b3 { [%clk 0:05:58] } b5 { [%clk 0:21:36] } 66. axb5 { [%clk 0:03:28] } a4 { [%clk 0:21:34] } 67. bxa4 { [%clk 0:03:32] } Rc4+ { [%clk 0:21:58] } 68. Kf3 { [%clk 0:03:56] } Rxa4 { [%clk 0:22:15] } 69. Rg8+ { [%clk 0:04:22] } Kh7 { [%clk 0:22:41] } 70. Rg7+ { [%clk 0:04:51] } Kh8 { [%clk 0:23:02] } 71. Rd7 { [%clk 0:04:43] } Ra3+ { [%clk 0:23:28] } 72. Ke4 { [%clk 0:04:38] }
60	1. e4 { [%clk 1:30:57] } c5 { [%clk 1:30:53] } 2. Nf3 { [%clk 1:31:23] } e6 { [%clk 1:31:18] } 3. d4 { [%clk 1:31:43] } cxd4 { [%clk 1:31:43] } 4. Nxd4 { [%clk 1:32:08] } Nc6 { [%clk 1:32:09] } 5. Nc3 { [%clk 1:32:33] } a6 { [%clk 1:32:33] } 6. Be3 { [%clk 1:32:45] } Nf6 { [%clk 1:32:09] } 7. Bd3 { [%clk 1:30:41] } Qc7 { [%clk 1:32:06] } 8. Qe2 { [%clk 1:29:55] } b5 { [%clk 1:29:13] } 9. Nxc6 { [%clk 1:28:29] } dxc6 { [%clk 1:29:35] } 10. O-O { [%clk 1:25:27] } Be7 { [%clk 1:26:34] } 11. a4 { [%clk 1:24:45] } Bb7 { [%clk 1:19:40] } 12. f4 { [%clk 1:22:18] } b4 { [%clk 1:14:58] } 13. Nb1 { [%clk 1:21:41] } c5 { [%clk 1:15:06] } 14. Nd2 { [%clk 1:18:48] } O-O { [%clk 1:15:29] } 15. e5 { [%clk 1:04:41] } Nd5 { [%clk 1:15:47] } 16. Nc4 { [%clk 1:04:52] } Rad8 { [%clk 1:05:47] } 17. Bd2 { [%clk 0:49:06] } Nb6 { [%clk 1:05:51] } 18. a5 { [%clk 0:40:42] } Nxc4 { [%clk 1:06:15] } 19. Bxc4 { [%clk 0:41:07] } Qc6 { [%clk 1:03:19] } 20. Be3 { [%clk 0:41:14] } g6 { [%clk 1:02:59] } 21. b3 { [%clk 0:41:13] } Rfe8 { [%clk 0:59:39] } 22. Rae1 { [%clk 0:38:43] } Bh4 { [%clk 0:53:23] } 23. Rc1 { [%clk 0:38:20] } Rd7 { [%clk 0:47:48] } 24. h3 { [%clk 0:36:47] } Red8 { [%clk 0:41:35] } 25. Kh2 { [%clk 0:35:40] } h5 { [%clk 0:38:53] } 26. c3 { [%clk 0:24:25] } bxc3 { [%clk 0:23:41] } 27. Rxc3 { [%clk 0:24:48] } Be7 { [%clk 0:23:51] } 28. Rfc1 { [%clk 0:23:02] } Kg7 { [%clk 0:19:54] } 29. Qf2 { [%clk 0:22:20] } Bh4 { [%clk 0:18:27] } 30. Qe2 { [%clk 0:21:12] } Qe4 { [%clk 0:12:16] } 31. Qc2 { [%clk 0:13:39] } Rd3 { [%clk 0:10:32] } 32. Bxd3 { [%clk 0:06:30] } Qxe3 { [%clk 0:10:57] } 33. Rf1 { [%clk 0:06:43] } Qg3+ { [%clk 0:07:12] } 34. Kg1 { [%clk 0:07:01] } Qe3+ { [%clk 0:07:39] } 35. Kh2 { [%clk 0:07:25] } Bg3+ { [%clk 0:04:13] } 36. Kh1 { [%clk 0:07:50] } Be1 { [%clk 0:04:36] } 37. Bxa6 { [%clk 0:07:32] } Bxg2+ { [%clk 0:04:11] } 38. Qxg2 { [%clk 0:05:11] } Bxc3 { [%clk 0:04:18] } 39. Bc4 { [%clk 0:03:39] } Bxa5 { [%clk 0:03:04] } 40. Rf3 { [%clk 0:00:51] } Qc1+ { [%clk 0:02:44] } 41. Rf1 { [%clk 0:01:05] } Qe3 { [%clk 0:02:19] } 42. Rf3 { [%clk 0:01:10] } Qc1+ { [%clk 0:00:46] } 43. Rf1 { [%clk 0:01:18] } Rd1 { [%clk 0:00:54] } 44. Rxd1 { [%clk 0:00:49] } Qxd1+ { [%clk 0:01:18] } 45. Kh2 { [%clk 0:01:13] } Qd4 { [%clk 0:00:38] }
